rcid,unres,short,date,year,voting_coincidence_share
288,R/5/684,PALESTINE,1950-12-04,1950,59.82142857142857
342,R/7/413A,PALESTINE,1952-12-06,1952,50.847457627118644
343,R/7/413B,JERUSALEM,1952-12-06,1952,55.932203389830505
344,R/7/413C,PALESTINE,1952-12-06,1952,46.61016949152542
489,R/11/957,SUEZ CRISIS,1957-01-02,1957,92.20779220779221
490,R/11/958,SUEZ CRISIS,1957-01-02,1957,96.1038961038961
494,R/11/1094A,SUEZ CRISIS,1957-02-05,1957,96.1038961038961
495,R/11/1094B,SUEZ CRISIS,1957-02-05,1957,85.71428571428571
9024,ESS/1/126B,"SUEZ CANAL, TROOP WITHDRAWAL",1956-11-01,1956,92
708,R/15/448,"PALESTINE, REFUGEES",1961-04-05,1961,47.25274725274725
709,R/15/449A,"PALESTINE, REFUGEES",1961-04-05,1961,52.68817204301075
710,R/15/449B,"PALESTINE, REFUGEES",1961-04-05,1961,54.3010752688172
711,R/15/449C,"PALESTINE, REFUGEES",1961-04-05,1961,60.43956043956044
773,R/16/1147A,"PALESTINE, CONCILIATION COMMISSION",1961-12-02,1961,57.21649484536082
774,R/16/1147B,"PALESTINE, REFUGEES",1961-12-02,1961,50.51546391752577
775,R/16/1147C,"PALESTINE, CONCILIATION COMMISSION",1961-12-02,1961,60.204081632653065
776,R/16/1147D,"PALESTINE, CONCILIATION COMMISSION",1961-12-02,1961,68.36734693877551
845,R/17/1204A,PALESTINE CONCILIATION COMMISSION,1962-12-04,1962,70.40816326530613
846,R/17/1204B,PALESTINE CONCILIATION COMMISSION,1962-12-04,1962,67.47572815533981
862,R/18/1912,PALESTINE CONCILIATION COMMISSION,1963-12-03,1963,89.69072164948454
891,NA,UNRWA,1965-12-07,1965,0
9042,ESS/5/70,"ISRAEL, TROOP WITHDRAWAL",1967-07-02,1967,73.94957983193278
9043,ESS/5/71,"ISRAEL, TROOP WITHDRAWAL",1967-07-02,1967,58.82352941176471
9044,ESS/5/77,"ISRAEL, TROOP WITHDRAWAL, COMPLIANCE",1967-07-02,1967,52.54237288135594
9045,ESS/5/80,"PALESTINE, USSR RESOLUTION",1967-07-02,1967,40.51724137931034
9046,ESS/5/85,"ISRAEL, CONDEMNATION",1967-07-02,1967,40.43478260869565
9047,ESS/5/86,"ISRAEL, TROOP WITHDRAWAL",1967-07-02,1967,48.23008849557522
9048,ESS/5/90,"ISRAEL, DAMAGE RESTITUTION",1967-07-02,1967,40.869565217391305
9049,ESS/5/95,"ISRAEL, AGGRESSION ELIMINATION",1967-07-02,1967,41.73913043478261
9050,ESS/5/96,"ISRAEL, AGGRESSION",1967-07-02,1967,70.16806722689076
9051,ESS/5/100,"ISRAEL, AGGRESSION",1967-07-02,1967,43.69747899159664
9052,ESS/5/101,"ISRAEL, UNRWA",1967-07-02,1967,99.14529914529915
9053,ESS/5/102,"JERUSALEM, STATUS",1967-07-02,1967,91.52542372881356
9054,ESS/5/41,"JERUSALEM, STATUS",1967-07-05,1967,92.24137931034483
1080,R/24/2535A,"ISRAEL, OCCUPIED TERRITORIES",1969-12-05,1969,51.293103448275865
1081,R/24/2535B,"ISRAEL, OCCUPIED TERRITORIES",1969-12-05,1969,60.775862068965516
1083,R/24/2546,"MIDDLE EAST, HUMANITARIAN ASSISTANCE",1969-12-06,1969,66.8141592920354
1116,R/25/2628A,MIDDLE EAST,1970-11-04,1970,68.01801801801803
1122,R/25/2649,"PALESTINE, SELF-DETERMINATION",1970-11-02,1970,59.174311926605505
1133,R/25/2671C,APARTHEID,1970-12-05,1970,59.7457627118644
1134,R/25/2672,"MIDDLE EAST, REFUGEES",1970-12-05,1970,88.1578947368421
1171,R/25/2727,"ISRAEL, HUMAN RIGHTS",1970-12-05,1970,63.59649122807017
1207,R/26/2792A,UNRWA,1971-12-05,1971,81.62393162393163
1208,R/26/2792B,UNRWA,1971-12-05,1971,62.28813559322034
1209,R/26/2792C,UNRWA,1971-12-05,1971,85.59322033898306
1224,R/26/2787A,"PALESTINE, SELF-DETERMINATION",1971-12-05,1971,61.30434782608696
1225,R/26/2787B,"PALESTINE, SELF-DETERMINATION",1971-12-05,1971,60.68376068376068
1267,R/26/2851,"HUMAN RIGHTS, OCCUPIED TERRITORIES",1971-12-05,1971,63.559322033898304
1319,R/27/2949B,MIDDLE EAST,1972-12-04,1972,81.70731707317073
1320,R/27/3005B,"HUMAN RIGHTS, OCCUPIED TERRITORIES",1972-12-04,1972,71.48760330578511
1321,R/27/2964A,UNRWA,1972-12-02,1972,85.48387096774194
1322,R/27/2964B,UNRWA,1972-12-02,1972,85.36585365853658
1323,R/27/2964C,UNRWA,1972-12-02,1972,68.14516129032258
1430,R/28/3092A,"HUMAN RIGHTS, OCCUPIED TERRITORIES",1973-12-05,1973,97.98387096774194
1431,R/28/3092B,"HUMAN RIGHTS, OCCUPIED TERRITORIES",1973-12-05,1973,83.33333333333334
1432,R/28/3089A,UNRWA,1973-12-05,1973,92
1433,R/28/3089B,UNRWA,1973-12-05,1973,82
1441,R/28/3175B,"NATURAL RESOURCES, OCCUPIED TERRITORIES",1973-12-01,1973,85
1534,R/29/3237,PALESTINE,1974-11-04,1974,79.61538461538461
1535,R/29/3210,PLO,1974-10-04,1974,89.0625
1536,R/29/3236,PALESTINE,1974-11-04,1974,80.07518796992481
1537,R/29/3240A,"HUMAN RIGHTS, OCCUPIED TERRITORIES",1974-11-04,1974,84.88372093023256
1538,R/29/3240B,"HUMAN RIGHTS, OCCUPIED TERRITORIES",1974-11-04,1974,97.24409448818898
1539,R/29/3240C,"HUMAN RIGHTS, OCCUPIED TERRITORIES",1974-11-04,1974,82.8125
1541,R/29/3331B,UNRWA,1974-12-03,1974,88.58267716535433
1547,R/29/3336B,"NATURAL RESOURCES, OCCUPIED TERRITORIES",1974-12-03,1974,86.36363636363636
1578,NA,PALESTINE,1974-11-03,1974,72.17391304347827
1582,R/30/3375,PALESTINE,1975-11-01,1975,84.58646616541353
1583,R/30/3376,PALESTINE,1975-11-01,1975,77.00729927007299
1585,R/30/3414,PALESTINE,1975-12-07,1975,75.98425196850394
1612,R/30/3419B,"PALESTINE, REFUGEES",1975-12-03,1975,99.59349593495935
1613,R/30/3419C,"PALESTINE, REFUGEES",1975-12-03,1975,86.61417322834646
1614,R/30/3525A,"HUMAN RIGHTS, OCCUPIED TERRITORIES",1975-12-03,1975,83.47107438016529
1615,R/30/3525B,"HUMAN RIGHTS, OCCUPIED TERRITORIES",1975-12-03,1975,95.45454545454545
1616,R/30/3525C,"HUMAN RIGHTS, OCCUPIED TERRITORIES",1975-12-03,1975,85.41666666666666
1617,R/30/3525D,ISRAEL,1975-12-03,1975,81.5126050420168
1655,R/31/6E,"SOUTH AFRICA, ISRAEL",1976-11-04,1976,75.36231884057972
1663,R/31/20,"PALESTINE, RIGHTS COMMITTEE",1976-11-05,1976,77.03703703703704
1666,R/31/61,MIDDLE EAST PEACE,1976-12-01,1976,80.38461538461539
1687,R/31/15D,"PALESTINE, REFUGEES",1976-11-04,1976,97.52066115702479
1688,R/31/15E,"PALESTINE, REFUGEES",1976-11-04,1976,97.1311475409836
1689,R/31/106A,"ISRAEL, SETTLEMENTS",1976-12-01,1976,96.32352941176471
1690,R/31/106B,"ISRAEL, GENEVA CONVENTION",1976-12-01,1976,99.25925925925925
1691,R/31/106C,"HUMAN RIGHTS, OCCUPIED TERRITORIES",1976-12-01,1976,85.18518518518519
1692,R/31/106D,"ISRAEL, QUNEITRA",1976-12-01,1976,84.44444444444444
1694,R/31/110,"PALESTINE, LIVING CONDITIONS",1976-12-01,1976,88.88888888888889
1701,R/31/186,"PALESTINE, NATURAL RESOURCES",1976-12-06,1976,88.80597014925374
1702,R/31/33,"SOUTH AFRICA, ECONOMIC ISOLATION",1976-11-04,1976,80.65693430656934
1741,R/32/5,"ISRAEL, LEGAL VALIDITY OF ACTIONS",1977-10-05,1977,96.37681159420289
1750,R/32/20,"ISRAEL, OCCUPIED TERRITORIES",1977-11-01,1977,86.19402985074626
1751,R/32/40A,"PALESTINE, COMMITTEE",1977-12-03,1977,80.71428571428572
1752,R/32/40B,"PALESTINE, RIGHTS COMMITTEE",1977-12-03,1977,76.07142857142857
1756,R/32/105D,"SOUTH AFRICA, ISRAEL",1977-12-01,1977,75
1786,R/32/90A,"PALESTINE, REFUGEES",1977-12-07,1977,99.59016393442623
1787,R/32/90C,"PALESTINE, REFUGEES",1977-12-07,1977,97.5609756097561
1788,R/32/90E,"PALESTINE, REFUGEES",1977-12-07,1977,99.2
1789,R/32/91A,"ISRAEL, GENEVA CONVENTION",1977-12-07,1977,98.87218045112782
1790,R/32/91B,"HUMAN RIGHTS, OCCUPIED TERRITORIES",1977-12-07,1977,85.33834586466166
1791,R/32/91C,"HUMAN RIGHTS, OCCUPIED TERRITORIES",1977-12-07,1977,86.25954198473282
1795,R/32/161,"PALESTINE, ECONOMIC EFFECTS",1977-12-06,1977,88.04347826086956
1797,R/32/171,"PALESTINE, LIVING CONDITIONS",1977-12-06,1977,87.05035971223022
1841,R/33/28A,PLO PARTICIPATION,1978-12-03,1978,77.8169014084507
1842,R/33/28B,"PALESTINE, INALIENABLE RIGHTS",1978-12-03,1978,81.69014084507043
1843,R/33/28C,"PALESTINE, INALIENABLE RIGHTS",1978-12-03,1978,78.87323943661971
1844,R/33/29,"PALESTINE, CONFLICT RESOLUTION",1978-12-03,1978,84.92647058823529
1852,R/33/183D,"SOUTH AFRICA, ISRAEL",1979-01-05,1979,75
1872,R/33/71A,"ISRAEL, MILITARY ASSISTANCE",1978-12-03,1978,64.85507246376811
1891,R/33/112A,UNRWA,1978-12-07,1978,99.27007299270073
1892,R/33/112C,"PALESTINE, DISPLACED PERSONS",1978-12-07,1978,99.27007299270073
1893,R/33/112E,"PALESTINE, DISPLACED PERSONS",1978-12-07,1978,97.85714285714285
1894,R/33/112F,"PALESTINE, DISPLACED PERSONS",1978-12-07,1978,89.64285714285715
1895,R/33/113A,"ISRAEL, GENEVA CONVENTION",1978-12-07,1978,98.93617021276596
1896,R/33/113B,"ISRAEL, SETTLEMENTS",1978-12-07,1978,98.92857142857143
1897,R/33/113C,"ISRAEL, ANNEXATIONS",1978-12-07,1978,83.94160583941606
1902,R/33/110,"PALESTINE, ECONOMIC EFFECTS",1978-12-07,1978,89.33823529411765
1905,R/33/147,"PALESTINE, ECONOMIC IMPROVEMENT",1978-12-01,1978,84.04255319148936
1942,R/33/14,"LEBANON, INTERM FORCE",1978-11-02,1978,87.6923076923077
1974,R/34/65A,MIDDLE EAST PEACE,1979-11-02,1979,85.37414965986395
1975,R/34/65B,CAMP DAVID ACCORDS,1979-11-02,1979,64.48275862068965
1976,R/34/65C,"PALESTINE, INALIENABLE RIGHTS",1979-12-03,1979,88.57142857142857
1977,R/34/65D,"PALESTINE, INALIENABLE RIGHTS",1979-12-03,1979,86.17021276595744
1979,R/34/70,"ISRAEL, OCCUPIED TERRIROTIES",1979-12-04,1979,81.42857142857143
1994,R/34/93P,"SOUTH AFRICA, ISRAEL",1979-12-03,1979,79.43262411347519
2017,R/34/89,"ISRAEL, NUCLEAR ARMAMENTS",1979-12-02,1979,79.86111111111111
2021,R/34/29,"ISRAEL, DEPORTATION ORDERS",1979-11-03,1979,98.89705882352942
2022,R/34/52A,"PALESTINE, REFUGEES",1979-11-03,1979,99.64285714285714
2023,R/34/52C,"PALESTINE, SCHOLARSHIPS, GRANTS",1979-11-03,1979,99.28057553956835
2024,R/34/52E,"ISRAEL, REFUGEE RETURN",1979-11-03,1979,91.78571428571428
2025,R/34/52F,"GAZA STRIP, REFUGEES",1979-11-03,1979,97.16312056737588
2026,R/34/90A,"ISRAEL, GENEVA CONVENTION",1979-12-03,1979,88.11188811188812
2027,R/34/90B,"ISRAEL, GENEVA CONVENTION",1979-12-03,1979,98.26388888888889
2028,R/34/90C,"ISRAEL, VALIDITY OF ACTIONS",1979-12-03,1979,98.26388888888889
2031,R/34/113,"PALESTINE, LIVING CONDITIONS",1979-12-05,1979,91.19718309859155
2032,R/34/133,"PALESTINE, RESOLUTION IMPLEMENTATION",1979-12-05,1979,90.14598540145985
2033,R/34/136,"PALESTINE, RESOURCES",1979-12-05,1979,91.13475177304964
2048,R/34/160,PALESTINIAN WOMEN,1979-12-01,1979,91.95804195804196
2064,R/34/9B,"LEBANON, INTERM FORCE",1979-12-01,1979,89.0625
2065,R/34/9C,"LEBANON, INTERM FORCE",1979-12-01,1979,88.58267716535433
2066,R/34/9D,"LEBANON, INTERM FORCE",1979-12-01,1979,87.4015748031496
2067,R/34/9E,"LEBANON, INTERM FORCE",1979-12-01,1979,89.37007874015748
2102,R/35/169A,MIDDLE EAST PEACE,1980-12-03,1980,77.93103448275862
2103,R/35/169B,"PALESTINE, RIGHTS COMMITTEE",1980-12-03,1980,71.08843537414967
2104,R/35/169C,"PALESTINE, RIGHTS COMMITTEE",1980-12-03,1980,90
2105,R/35/169D,"PALESTINE, RIGHTS, COMMITTEE",1980-12-03,1980,89.38356164383562
2106,R/35/169E,JERUSALEM,1980-12-03,1980,97.95918367346938
2108,R/35/206B,NUCLEAR COLLABORATION,1980-12-04,1980,93.00699300699301
2114,R/35/206H,"SOUTH AFRICA, ISRAEL",1980-12-04,1980,79.22535211267606
2122,R/35/207,"ISRAEL, OCCUPIED TERRIROTIES",1980-12-04,1980,80.41958041958041
2145,R/35/157,"ISRAEL, ARMAMENT",1980-12-07,1980,82.3943661971831
2147,R/35/13A,"PALESTINE, RELIEF",1980-11-01,1980,99.58333333333333
2148,R/35/13B,"PALESTINE, SCHOLARSHIPS AND GRANTS",1980-11-01,1980,98.73949579831933
2149,R/35/13E,"ISRAEL, OCCUPIED TERRITORIES",1980-11-01,1980,90.9090909090909
2150,R/35/13F,"GAZA STRIP, REFUGEES",1980-11-01,1980,97.95081967213115
2151,R/35/122A,"ISRAEL, GENEVA CONVENTION",1980-12-06,1980,98.94366197183099
2152,R/35/122B,"PALESTINE, CHANGES IN STATUS",1980-12-06,1980,98.25174825174825
2153,R/35/122C,"HUMAN RIGHTS, OCCUPIED TERRITORIES",1980-12-06,1980,90.49295774647888
2154,R/35/122D,"HEBRON, SHARIA JUDGE",1980-12-06,1980,98.25174825174825
2155,R/35/122E,"ISRAEL, GOLAN HEIGHTS",1980-12-06,1980,90.9090909090909
2156,R/35/122F,"ISRAEL, GENEVA CONVENTION",1980-12-06,1980,89.86013986013987
2162,R/35/75,"PALESTINE, LIVING CONDITIONS",1980-12-07,1980,89.65517241379311
2184,R/35/115A,"LEBANON, INTERM FORCE",1980-12-05,1980,88.05309734513274
2185,R/35/115B,"LEBANON, INTERM FORCE",1980-12-05,1980,87.5
2201,R/36/27,"ISRAEL, ACTION AGAINST IRAQ",1981-11-06,1981,86.80555555555556
2207,R/36/120A,"PALESTINE, RIGHTS",1981-12-07,1981,91.15646258503402
2208,R/36/120B,"PALESTINE, RIGHTS",1981-12-07,1981,90.3448275862069
2209,R/36/120C,"PALESTINE, CONFERENCE",1981-12-07,1981,90.47619047619048
2210,R/36/120D,MIDDLE EAST PEACE,1981-12-07,1981,84.13793103448276
2211,R/36/120E,JERUSALEM,1981-12-07,1981,97.26027397260275
2212,R/36/120F,PLO PARTICIPATION,1981-12-07,1981,73.28767123287672
2223,R/36/172E,"SOUTH AFRICA, NUCLEAR COLLABORATION",1981-12-07,1981,85.3146853146853
2230,R/36/172M,"SOUTH AFRICA, ISRAEL",1981-12-07,1981,80.49645390070921
2233,R/36/226A,"LEBANON, ISRAELI BOMBING",1981-12-07,1981,78.46715328467153
2234,R/36/226B,"ISRAEL, GOLAN HEIGHTS",1981-12-07,1981,91.54929577464789
2238,R/36/87B,"DENUCLEARIZATION, MIDDLE EAST",1981-12-06,1981,87.76223776223776
2260,R/36/98,"ISRAEL, ACTION AGAINST IRAQ",1981-12-06,1981,84.61538461538461
2266,R/36/15,JERUSALEM,1981-10-01,1981,89.23611111111111
2267,R/36/146A,"PALESTINE, REFUGEES",1981-12-06,1981,97.93103448275862
2268,R/36/146B,"PALESTINE, RIGHT OF RETURN",1981-12-06,1981,90.6896551724138
2269,R/36/146C,"ISRAEL, ARAB PROPERTY",1981-12-06,1981,89.65517241379311
2270,R/36/146F,"PALESTINE, REFUGEES",1981-12-06,1981,99.6551724137931
2271,R/36/146G,"JERUSALEM, UNIVERSITY",1981-12-06,1981,91.48936170212765
2272,R/36/146H,"PALESTINE, SCHOLARSHIPS AND GRANTS",1981-12-06,1981,99.65753424657534
2273,R/36/147A,"ISRAEL, GENEVA CONVENTION",1981-12-06,1981,98.28767123287672
2274,R/36/147B,"ISRAEL, OCCUPIED TERRITORIES",1981-12-06,1981,98.28767123287672
2275,R/36/147C,"ISRAEL, RECOGNITION OF ACTIONS",1981-12-06,1981,87.84722222222221
2276,R/36/147D,"ISRAEL, HEBRON, HALHUL",1981-12-06,1981,98.63013698630137
2277,R/36/147E,"ISRAEL, GOLAN HEIGHTS",1981-12-06,1981,98.27586206896551
2278,R/36/147F,"ISRAEL, VIOLENCE AGAINST STUDENTS",1981-12-06,1981,88.35616438356165
2279,R/36/147G,"ISRAEL, ASSASSINATION ATTEMPTS",1981-12-06,1981,98.6013986013986
2281,R/36/150,"ISRAEL, CANAL PROJECT",1981-12-06,1981,97.22222222222221
2282,R/36/73,"ISRAEL, SOCIAL AND ECONOMIC IMPACTS",1981-12-01,1981,89.41605839416059
2284,R/36/173,"PALESTINE, SELF-DETERMINATION",1981-12-07,1981,90.42553191489363
2289,R/36/8,"SOUTH AFRICA, ISRAEL",1981-10-01,1981,84.82758620689656
2304,R/36/51,"SOUTH AFRICA, ISOLATION",1981-11-03,1981,81.75675675675676
2308,R/36/116A,"CHINESE CONTRIBUTION, FORCE IN LEBANON",1981-12-07,1981,89.92248062015504
2337,R/37/18,"ISRAEL, ACTION AGAINST IRAQ",1982-11-06,1982,93.65671641791045
2350,R/37/69F,"SOUTH AFRICA, ISRAEL",1982-12-01,1982,83.80281690140845
2354,R/37/86A,"PALESTINE, RIGHTS COMMITTEE",1982-12-02,1982,91.37931034482759
2355,R/37/86B,DIVISION FOR PALESTINIAN RIGHTS,1982-12-02,1982,91.72413793103448
2356,R/37/86C,MIDDLE EAST PEACE,1982-12-02,1982,92.75862068965517
2357,R/37/86D,PLO PARTICIPATION,1982-12-02,1982,89.16083916083916
2358,R/37/86E,"PALESTINE, RIGHTS COMMITTEE",1982-12-02,1982,92.01388888888889
2359,R/37/123A,"ISRAEL, RESOLUTION COMPLIANCE",1982-12-05,1982,73.02158273381295
2360,R/37/123B,"PALESTINE, CULTURAL PROPERTY",1982-12-01,1982,97.9020979020979
2361,R/37/123C,"DIPLOMATIC MISSIONS, JERUSALEM",1982-12-01,1982,97.87234042553192
2362,R/37/123D,"PALESTINE, GENOCIDE",1982-12-01,1982,92.36111111111111
2363,R/37/123E,"LEBANON, TERRITORIAL INTEGRITY",1982-12-01,1982,100
2364,R/37/123F,"ISRAEL, OCCUPIED TERRIROTIES",1982-12-01,1982,82.98611111111111
2390,R/37/82,"ISRAEL, NUCLEAR ARMAMENT",1982-12-01,1982,86.61971830985915
2412,R/37/88A,"ISRAEL, GENEVA CONVENTION",1982-12-02,1982,98.88888888888889
2413,R/37/88B,"ISRAEL, GENEVA CONVENTION",1982-12-02,1982,98.88888888888889
2414,R/37/88C,"HUMAN RIGHTS, OCCUPIED TERRITORIES",1982-12-02,1982,90.67164179104478
2415,R/37/88D,"ISRAEL, HEBRON, HALHUL",1982-12-02,1982,98.88059701492537
2416,R/37/88E,"ISRAEL, GOLAN HEIGHTS",1982-12-02,1982,98.51851851851852
2417,R/37/88F,"ISRAEL, GENEVA CONVENTION",1982-12-02,1982,89.62962962962962
2418,R/37/88G,"ISRAEL, ASSASSINATION ATTEMPTS",1982-12-02,1982,98.88888888888889
2421,R/37/120C,"PALESTINE, REFUGEES",1982-12-01,1982,98.59154929577466
2422,R/37/120D,"PALESTINE, REFUGEES, EDUCATION",1982-12-01,1982,99.65034965034964
2423,R/37/120E,"PALESTINE, RESETTLEMENT",1982-12-01,1982,98.61111111111111
2424,R/37/120F,"PALESTINE, RELIEF WORKS",1982-12-01,1982,87.41258741258741
2425,R/37/120G,"PALESTINE, RIGHT OF RETURN",1982-12-01,1982,92.12328767123287
2426,R/37/120H,"PROTECTION, ARAB PROPERTY",1982-12-01,1982,90.75342465753424
2427,R/37/120I,"PALESTINE, IDENTIFICATION CARDS",1982-12-01,1982,81.56028368794325
2428,R/37/120J,"PALESTINE, SAFTEY, SECURITY",1982-12-01,1982,93.05555555555556
2430,R/37/122,"ISRAEL, CANAL PROJECT",1982-12-02,1982,98.22695035460993
2431,R/37/134,"ISRAEL, LEBANON INVASION",1982-12-02,1982,98.63945578231292
2432,R/37/135,"ISRAEL, RESOURCE EXPLOITATION",1982-12-02,1982,91.83673469387756
2442,R/37/222,"PALESTINE, LIVING CONDITIONS",1982-12-05,1982,97.6510067114094
2471,R/37/127A,"LEBANON, INTERM FORCE",1982-12-02,1982,87.95620437956204
2476,R/37/236B,MIDDLE EAST RELIEF OFFICIALS,1982-12-06,1982,98.95104895104895
2493,R/38/9,"ISRAEL, THREATS",1983-11-07,1983,94.20289855072464
2509,R/38/39F,"SOUTH AFRICA, ISRAEL",1983-12-06,1983,80.71428571428572
2516,R/38/58A,"PALESTINE, RIGHTS COMMITTEE",1983-12-07,1983,92.12328767123287
2517,R/38/58B,"PALESTINE, RIGHTS, COMMITTEE",1983-12-07,1983,92.12328767123287
2518,R/38/58C,"PALESTINE, SELF-DETERMINATION",1983-12-07,1983,91.90140845070422
2519,R/38/58D,"PALESTINE, CONFERENCE",1983-12-07,1983,98.62068965517241
2520,R/38/58E,"PALESTINE, INFORMATION",1983-12-07,1983,92.6056338028169
2522,R/38/180A,"ISRAEL, GOLAN HEIGHTS",1983-12-06,1983,71.37681159420289
2523,R/38/180B,"ISRAEL, BEIRUT OCCUPATION",1983-12-06,1983,92.19858156028369
2524,R/38/180C,JERUSALEM,1983-12-06,1983,98.21428571428571
2525,R/38/180D,MIDDLE EAST PEACE,1983-12-06,1983,79.71014492753623
2526,R/38/180E,"ISRAEL, ISOLATION",1983-12-06,1983,69.48529411764706
2533,R/38/69,"ISRAEL, NUCLEAR ARMAMENTS",1983-12-02,1983,84.53237410071942
2574,R/38/79A,"ISRAEL, PRISONER RELEASE",1983-12-02,1983,88.57142857142857
2575,R/38/79B,"ISRAEL, GENEVA CONVENTION",1983-12-02,1983,98.9795918367347
2576,R/38/79C,MIDDLE EAST PEACE,1983-12-02,1983,98.98648648648648
2577,R/38/79D,"HUMAN RIGHTS, OCCUPIED TERRITORIES",1983-12-02,1983,89.16083916083916
2578,R/38/79E,"ISRAEL, HEBRON, HALHUL",1983-12-02,1983,98.9795918367347
2579,R/38/79F,"ISRAEL, GOLAN HEIGHTS",1983-12-02,1983,98.9655172413793
2580,R/38/79G,"ISRAEL, PALESTINIAN STUDENTS",1983-12-02,1983,88.96551724137932
2581,R/38/79H,"ISRAEL, ASSASSINATION ATTEMPTS",1983-12-02,1983,98.97260273972603
2585,R/38/83A,"PALESTINE, REFUGEES",1983-12-02,1983,99.65986394557824
2586,R/38/83D,"PALESTINE, SCHOLARSHIPS AND GRANTS",1983-12-02,1983,99.65986394557824
2587,R/38/83E,"GAZA STRIP, REFUGEES",1983-12-02,1983,98.63945578231292
2588,R/38/83F,UNRWA,1983-12-02,1983,85.76388888888889
2589,R/38/83G,"ISRAEL, OCCUPIED TERRIROTIES",1983-12-02,1983,92.8082191780822
2590,R/38/83H,"ISRAEL, ARAB PROPERTY",1983-12-02,1983,91.78082191780823
2591,R/38/83I,"ISRAEL, REFUGEES",1983-12-02,1983,93.79310344827586
2592,R/38/83J,"ISRAEL, RESETTLEMENT",1983-12-02,1983,98.63013698630137
2593,R/38/83K,"ISRAEL, PALESTINIAN STUDENTS",1983-12-02,1983,98.63945578231292
2594,R/38/85,"ISRAEL, CANAL PROJECT",1983-12-02,1983,98.6013986013986
2595,R/38/144,"PALESTINE, NATURAL RESOURCES",1983-12-06,1983,91.78571428571428
2596,R/38/145,"PALESTINE, ASSISTANCE",1983-12-06,1983,98.6013986013986
2600,R/38/166,"PALESTINE, LIVING CONDITIONS",1983-12-06,1983,98.6013986013986
2606,R/38/17,SELF-DETERMINATION,1983-11-05,1983,84.10852713178295
2622,R/38/38,"LEBANON, INTERM FORCE",1983-12-06,1983,85.23809523809524
2646,R/39/14,"ISRAEL, ACTIONS AGAINST IRAQ",1984-11-03,1984,86.78571428571429
2648,R/39/49A,"PALESTINE, RIGHTS, COMMITTEE",1984-12-02,1984,91.66666666666666
2649,R/39/49B,"PALESTINE, RIGHTS, COMMITTEE",1984-12-02,1984,92.33333333333333
2650,R/39/49C,"PALESTINE, INFORMATION",1984-12-02,1984,92.9530201342282
2651,R/39/49D,MIDDLE EAST PEACE,1984-12-02,1984,90.1360544217687
2659,R/39/72C,"SOUTH AFRICA, ISRAEL",1984-12-04,1984,79.13907284768213
2667,R/39/146A,"ISRAEL, OCCUPIED TERRIROTIES",1984-12-05,1984,79.02097902097903
2668,R/39/146B,"ISRAEL, OCCUPIED TERRIROTIES",1984-12-05,1984,73.04964539007092
2692,R/39/147,"ISRAEL, NUCLEAR ARMAMENTS",1984-12-01,1984,83.09859154929578
2719,R/39/95A,"ISRAEL, PRISONER RELEASE",1984-12-05,1984,93.06569343065694
2720,R/39/95B,"ISRAEL, GENEVA CONVENTION",1984-12-05,1984,98.26388888888889
2721,R/39/95C,"ISRAEL, OCCUPIED TERRIROTIES",1984-12-05,1984,98.97260273972603
2722,R/39/95D,"ISRAEL, OCCUPIED TERRIROTIES",1984-12-05,1984,88.88888888888889
2723,R/39/95E,"ISRAEL, EXPELLED PALESTINIAN LEADERS",1984-12-05,1984,98.97260273972603
2724,R/39/95F,"ISRAEL, SYRIA",1984-12-05,1984,98.27586206896551
2725,R/39/95G,"ISRAEL, PALESTINIAN STUDENTS",1984-12-05,1984,89.65517241379311
2726,R/39/95H,"ISRAEL, ASSASSINATION ATTEMPTS",1984-12-05,1984,98.62068965517241
2729,R/39/99A,"PALESTINE, REFUGEES",1984-12-05,1984,99.65753424657534
2730,R/39/99D,"PALESTINE, SCHOLARSHIPS AND GRANTS",1984-12-05,1984,99.65753424657534
2731,R/39/99E,"GAZA STRIP, REFUGEES",1984-12-05,1984,98.63945578231292
2732,R/39/99F,"PALESTINE, REFUGEES, CONTRIBUTIONS",1984-12-05,1984,85.51724137931035
2733,R/39/99G,"PALESTINE, RIGHT OF RETURN",1984-12-05,1984,92.8082191780822
2734,R/39/99H,"PALESTINE, REFUGEE PROPERTY",1984-12-05,1984,91.43835616438356
2735,R/39/99I,"ISRAEL, SOUTH LEBANON",1984-12-05,1984,92.51700680272108
2736,R/39/99J,"ISRAEL, WEST BANK RESETTLEMENT",1984-12-05,1984,98.63945578231292
2737,R/39/99K,"JERUSALEM, UNIVERSITY",1984-12-05,1984,98.63945578231292
2738,R/39/101,"ISRAEL, CANAL PROJECT",1984-12-05,1984,98.28767123287672
2741,R/39/169,"PALESTINE, LIVING CONDITIONS",1984-12-01,1984,97.94520547945206
2747,R/39/223,"PALESTINE, ECONOMIC DEVELOPMENT",1984-12-02,1984,96.23287671232876
2748,R/39/224,"PALESTINE, ASSISTANCE",1984-12-02,1984,98.63945578231292
2771,R/39/70,DISENGAGEMENT OBSERVER FORCE,1984-12-04,1984,87.14285714285714
2772,R/39/71,"LEBANON, INTERM FORCE",1984-12-04,1984,88.12949640287769
2788,R/39/442,"ISRAEL, ECONOMIC PRACTICES STUDY",1984-12-02,1984,98.63013698630137
2792,R/40/6,"ISRAEL, ACTION AGAINST IRAQ",1985-11-06,1985,76.61870503597122
2818,R/40/64E,"SOUTH AFRICA, ISRAEL",1985-12-03,1985,76.82119205298014
2840,R/40/93,"NUCLEAR PROLIFERATION, MIDDLE EAST",1985-12-05,1985,83.22147651006712
2850,R/40/96A,"PALESTINE, RIGHTS COMMITTEE",1985-12-05,1985,91.3907284768212
2851,R/40/96B,"PALESTINE, RIGHTS COMMITTEE",1985-12-05,1985,91.3907284768212
2852,R/40/96C,"PALESTINE, INFORMATION",1985-12-05,1985,92.05298013245033
2853,R/40/96D,MIDDLE EAST PEACE CONFERENCE,1985-12-05,1985,84.33333333333334
2896,R/40/161A,"PALESTINE, DETENTIONS",1985-12-02,1985,84.58646616541353
2897,R/40/161B,"ISRAEL, GENEVA CONVENTION",1985-12-02,1985,97.2027972027972
2898,R/40/161C,"PALESTINE, LEGAL STATUS",1985-12-02,1985,97.22222222222221
2899,R/40/161D,"HUMAN RIGHTS, OCCUPIED TERRITORIES",1985-12-02,1985,86.80555555555556
2900,R/40/161E,"PALESTINE, LEADERS",1985-12-02,1985,92.75862068965517
2901,R/40/161F,"ISRAEL, GOLAN HEIGHTS",1985-12-02,1985,95.8904109589041
2902,R/40/161G,"ISRAEL, PALESTINIAN STUDENTS",1985-12-02,1985,87.93103448275862
2905,R/40/165A,"PALESTINE, ASSISTANCE",1985-12-02,1985,99.66442953020133
2906,R/40/165D,"PALESTINE, GRANTS AND SCHOLARSHIPS",1985-12-02,1985,99.65986394557824
2907,R/40/165E,"GAZA STRIP, REFUGEES",1985-12-02,1985,97.98657718120806
2908,R/40/165F,"PALESTINE, REFUGEES, RELIEF",1985-12-02,1985,85.33333333333334
2909,R/40/165G,"PALESTINE, REFUGEES, RETURN",1985-12-02,1985,91.05960264900662
2910,R/40/165H,"PALESTINE, REFUGEES, PROPERTIES",1985-12-02,1985,89.93288590604027
2911,R/40/165I,"PALESTINE, REFUGEES, PROTECTION",1985-12-02,1985,87.66666666666667
2912,R/40/165J,"WEST BANK, REFUGEES",1985-12-02,1985,97.98657718120806
2913,R/40/165K,"JERUSALEM, UNIVERSITY",1985-12-02,1985,98.34437086092716
2914,R/40/167,"ISRAEL, CANAL PROJECT",1985-12-02,1985,99.33333333333333
2916,R/40/168B,"ISRAEL, OCCUPIED TERRITORIES",1985-12-02,1985,71.72413793103448
2917,R/40/168C,JERUSALEM,1985-12-02,1985,95.6081081081081
2918,R/40/169,"PALESTINE, ECONOMIC PROJECTS",1985-12-03,1985,96.25850340136054
2919,R/40/170,"PALESTINE, ASSISTANCE",1985-12-03,1985,98.29931972789116
2928,R/40/201,"PALESTINE, LIVING CONDITIONS",1985-12-03,1985,98.38709677419355
2933,R/40/246A,"LEBANON, INTERM FORCE",1985-12-04,1985,88.11188811188812
2934,R/40/246B,"LEBANON, INTERM FORCE",1985-12-04,1985,88.29787234042553
2951,R/41/12,"IRAQ, ISRAELI AGGRESSION",1986-10-03,1986,77.58620689655173
2962,R/41/35C,"SOUTH AFRICA, ISRAEL",1986-11-02,1986,73.07692307692307
2977,R/41/43A,"PALESTINE, RIGHTS COMMITTEE",1986-12-03,1986,91.25874125874127
2978,R/41/43B,"PALESTINE, RIGHTS COMMITTEE",1986-12-03,1986,91.72413793103448
2979,R/41/43C,"PALESTINE, INFORMATION",1986-12-03,1986,91.37931034482759
2980,R/41/43D,MIDDLE EAST PEACE CONFERENCE,1986-12-03,1986,90.55944055944056
3014,R/41/63A,"PALESTINE, DETENTIONS",1986-12-04,1986,86.7132867132867
3015,R/41/63B,"PALESTINE, DETENTIONS",1986-12-04,1986,97.35099337748345
3016,R/41/63C,"ISRAEL, GENEVA CONVENTION",1986-12-04,1986,97.66666666666667
3017,R/41/63D,"ISRAEL, OCCUPIED TERRITORIES",1986-12-04,1986,86.75496688741721
3018,R/41/63E,"HUMAN RIGHTS, OCCUPIED TERRITORIES",1986-12-04,1986,92.43421052631578
3019,R/41/63F,"PALESTINE, LEADERS",1986-12-04,1986,95.75163398692811
3020,R/41/63G,"ISRAEL, GOLAN HEIGHTS",1986-12-04,1986,88.23529411764706
3024,R/41/69A,"PALESTINE, ASSISTANCE",1986-12-04,1986,0
3025,R/41/69D,"PALESTINE, SCHOLARSHIPS, GRANTS",1986-12-04,1986,99.67320261437908
3026,R/41/69E,"GAZA STRIP, REFUGEES",1986-12-04,1986,97.03947368421053
3027,R/41/69F,"PALESTINE, REFUGEES, RELIEF",1986-12-04,1986,85.62091503267973
3028,R/41/69G,"PALESTINE, DISPLACED PERSONS",1986-12-04,1986,90.46052631578947
3029,R/41/69H,"PALESTINE, REFUGEES, PROPERTIES",1986-12-04,1986,89.54248366013073
3030,R/41/69I,"PALESTINE, REFUGEES, PROTECTION",1986-12-04,1986,89.0728476821192
3031,R/41/69J,"WEST BANK, REFUGEES",1986-12-04,1986,96.71052631578947
3032,R/41/69K,"JERUSALEM, UNIVERSITY",1986-12-04,1986,98.68421052631578
3055,R/41/93,"NUCLEAR PROLIFERATION, MIDDLE EAST",1986-12-05,1986,80.26315789473685
3078,R/41/162A,"MIDDLE EAST, PEACE CONDITIONS",1986-12-05,1986,77.27272727272727
3079,R/41/162B,"ISRAEL, OCCUPIED TERRITORIES",1986-12-05,1986,69.73684210526315
3080,R/41/162C,JERUSALEM,1986-12-05,1986,94.48051948051948
3083,R/41/179A,"LEBANON, INTERM FORCE",1986-12-06,1986,95.18518518518519
3084,R/41/179B,"LEBANON, INTERM FORCE",1986-12-06,1986,91.6058394160584
3086,R/41/181,"PALESTINE, ASSISTANCE",1986-12-02,1986,98.26388888888889
3119,R/42/23D,"SOUTH AFRICA, ISRAEL",1987-11-06,1987,73.7012987012987
3159,R/42/44,"NUCLEAR PROLIFERATION, MIDDLE EAST",1987-11-02,1987,82.31292517006803
3165,R/42/66A,"PALESTINE, RIGHTS COMMITTEE",1987-12-04,1987,91.55844155844156
3166,R/42/66B,"PALESTINE, RIGHTS COMMITTEE",1987-12-04,1987,92.10526315789474
3167,R/42/66C,"PALESTINE, INFORMATION",1987-12-04,1987,92.15686274509804
3168,R/42/66D,MIDDLE EAST PEACE CONFERENCE,1987-12-04,1987,90.84967320261438
3169,R/42/69A,"PALESTINE, ASSISTANCE",1987-12-04,1987,99.67320261437908
3170,R/42/69D,"PALESTINE, SCHOLARSHIPS, GRANTS",1987-12-04,1987,99.67532467532467
3171,R/42/69E,"GAZA STRIP, REFUGEES",1987-12-04,1987,97.72727272727273
3172,R/42/69F,"PALESTINE, REFUGEES, RELIEF",1987-12-04,1987,85.71428571428571
3173,R/42/69G,"PALESTINE, REFUGEES, RETURN",1987-12-04,1987,89.86928104575163
3174,R/42/69H,"PALESTINE, REFUGEES, PROPERTIES",1987-12-04,1987,89.40397350993378
3175,R/42/69I,"PALESTINE, REFUGEES, PROTECTION",1987-12-04,1987,89.86928104575163
3176,R/42/69J,"WEST BANK, REFUGEES",1987-12-04,1987,96.40522875816994
3177,R/42/69K,"JERUSALEM, UNIVERSITY",1987-12-04,1987,98.36601307189542
3212,R/42/160A,"PALESTINE, DETENTIONS",1987-12-03,1987,86.48648648648648
3213,R/42/160B,"ISRAEL, GENEVA CONVENTION",1987-12-03,1987,96.66666666666667
3214,R/42/160C,"ISRAEL, OCCUPIED TERRITORIES",1987-12-03,1987,96.68874172185431
3215,R/42/160D,"HUMAN RIGHTS, OCCUPIED TERRITORIES",1987-12-03,1987,85.52631578947368
3216,R/42/160E,"ISRAEL, HEBRON, HALHUL",1987-12-03,1987,91.83006535947712
3217,R/42/160F,"ISRAEL, GOLAN HEIGHTS",1987-12-03,1987,96.07843137254902
3218,R/42/160G,"ISRAEL, EDUCATIONAL INSTITUTIONS",1987-12-03,1987,94.07894736842105
3222,R/42/166,"PALESTINE, ASSISTANCE",1987-12-06,1987,98.69281045751634
3227,R/42/190,"PALESTINE, LIVING CONDITIONS",1987-12-06,1987,99.01315789473685
3229,R/42/199,"LEBANON, AID",1987-12-06,1987,99.3421052631579
3236,R/42/209/A,MIDDLE EAST PEACE CONFERENCE,1987-12-06,1987,90.54054054054053
3237,R/42/209/B,MIDDLE EAST PEACE PROCESS,1987-12-06,1987,76.33333333333333
3238,R/42/209/C,"ISRAEL, ACTIONS AGAINST",1987-12-06,1987,69.72789115646259
3239,R/42/209/D,JERUSALEM,1987-12-06,1987,95.63758389261746
3241,R/42/223,"LEBANON, INTERM FORCE",1987-12-02,1987,94.79166666666666
3255,R/43/21,"PALESTINE, INTIFADAH",1988-11-05,1988,93.19727891156462
3277,R/43/50E,"SOUTH AFRICA, ISRAEL",1988-12-02,1988,76.62337662337663
3282,R/43/54A,MIDDLE EAST PEACE PROCESS,1988-12-03,1988,78.1456953642384
3283,R/43/54B,"ISRAEL, ACTIONS AGAINST",1988-12-03,1988,70.6081081081081
3284,R/43/54C,JERUSALEM,1988-12-03,1988,96.33333333333334
3285,R/43/57A,"PALESTINE, ASSISTANCE",1988-12-03,1988,99.67105263157895
3286,R/43/57D,"PALESTINE, SCHOLARSHIPS, GRANTS",1988-12-03,1988,99.67320261437908
3287,R/43/57E,"PALESTINE, REFUGEES RESETTLEMENT",1988-12-03,1988,97.38562091503267
3288,R/43/57F,"PALESTINE, REFUGEES, RELIEF",1988-12-03,1988,85.85526315789474
3289,R/43/57G,"PALESTINE, DISPLACED PERSONS",1988-12-03,1988,90.52287581699346
3290,R/43/57H,"PALESTINE, REFUGEES, PROPERTIES",1988-12-03,1988,90.33333333333333
3291,R/43/57I,"PALESTINE, REFUGEES, PROTECTION",1988-12-03,1988,98.36601307189542
3292,R/43/57J,"JERUSALEM, UNIVERSITY",1988-12-03,1988,98.69281045751634
3293,R/43/58A,"ISRAEL, OCCUPIED TERRITORIES",1988-12-03,1988,84.33333333333334
3294,R/43/58B,"ISRAEL, GENEVA CONVENTION",1988-12-03,1988,98.02631578947368
3295,R/43/58C,"ISRAEL, OCCUPIED TERRITORIES",1988-12-03,1988,98.67549668874173
3296,R/43/58D,"PALESTINE, DETENTIONS",1988-12-03,1988,98.67549668874173
3297,R/43/58E,"ISRAEL, RESOLUTION COMPLIANCE",1988-12-03,1988,98.35526315789474
3298,R/43/58F,"ISRAEL, GOLAN HEIGHTS",1988-12-03,1988,98.35526315789474
3299,R/43/58G,"ISRAEL, PALESTINIAN STUDENTS",1988-12-03,1988,97.68211920529801
3339,R/43/80,"NUCLEAR PROLIFERATION, MIDDLE EAST",1988-12-04,1988,81.78807947019867
3361,R/43/160A,"PLO, STATUS",1988-12-06,1988,88.25503355704699
3368,R/43/175A,"PALESTINE, RIGHTS COMMITTEE",1988-12-05,1988,90.625
3369,R/43/175B,"PALESTINE, RIGHTS COMMITTEE",1988-12-05,1988,91.31944444444444
3370,R/43/175C,"PALESTINE, INFORMATION",1988-12-05,1988,92.75862068965517
3371,R/43/176,MIDDLE EAST PEACE CONFERENCE,1988-12-05,1988,96.45390070921985
3372,R/43/177,"PALESTINE, STATE",1988-12-05,1988,86.33093525179856
3373,R/43/178,"PALESTINE, ASSISTANCE",1988-12-05,1988,85.76388888888889
3383,R/43/229,"LEBANON, INTERM FORCE",1988-12-04,1988,95.77464788732394
3384,R/43/233,"PALESTINE, INTIFADAH",1989-04-05,1989,98.09160305343512
3386,R/44/2,"PALESTINE, INTIFADAH",1989-10-06,1989,96.5986394557823
3398,R/44/27F,"SOUTH AFRICA, ISRAEL",1989-11-04,1989,79.60526315789474
3401,R/44/27I,"SOUTH AFRICA, MILITARY COLLABORATION",1989-11-04,1989,79.72972972972973
3407,R/44/40A,MIDDLE EAST PEACE PROCESS,1989-12-02,1989,78.6624203821656
3408,R/44/40B,"ISRAEL, ACTIONS AGAINST",1989-12-02,1989,69.8051948051948
3409,R/44/40C,JERUSALEM,1989-12-02,1989,96.15384615384616
3410,R/44/41A,"PALESTINE, RIGHTS COMMITTEE",1989-12-04,1989,90.64516129032259
3411,R/44/41B,"PALESTINE, RIGHTS COMMITTEE",1989-12-04,1989,91.61290322580645
3412,R/44/41C,"PALESTINE, INFORMATION",1989-12-04,1989,92.58064516129032
3413,R/44/42,PALESTINE,1989-12-04,1989,97.72727272727273
3415,R/44/47A,"PALESTINE, ASSISTANCE",1989-12-06,1989,99.6268656716418
3416,R/44/47D,"PALESTINE, SCHOLARSHIPS, GRANTS",1989-12-06,1989,99.64539007092199
3417,R/44/47E,"PALESTINE, REFUGEES RESETTLEMENT",1989-12-06,1989,98.23943661971832
3418,R/44/47F,"PALESTINE, REFUGEES, RELIEF",1989-12-06,1989,84.96503496503497
3419,R/44/47G,"PALESTINE, DISPLACED PERSONS",1989-12-06,1989,92.12328767123287
3420,R/44/47H,"PALESTINE, REFUGEES, PROPERTIES",1989-12-06,1989,91.49659863945578
3421,R/44/47I,"PALESTINE, REFUGEES, PROTECTION",1989-12-06,1989,98.3108108108108
3422,R/44/47J,"JERUSALEM, UNIVERSITY",1989-12-06,1989,98.3221476510067
3423,R/44/47K,"ISRAEL, PALESTINIAN STUDENTS",1989-12-06,1989,98.3108108108108
3424,R/44/48A,"ISRAEL, OCCUPIED TERRITORIES",1989-12-06,1989,84.8993288590604
3425,R/44/48B,"ISRAEL, GENEVA CONVENTION",1989-12-06,1989,98.67549668874173
3426,R/44/48C,"ISRAEL, OCCUPIED TERRITORIES",1989-12-06,1989,98.3221476510067
3427,R/44/48D,"PALESTINE, DETENTIONS",1989-12-06,1989,97.97297297297297
3428,R/44/48E,"ISRAEL, RESOLUTION COMPLIANCE",1989-12-06,1989,98.67549668874173
3429,R/44/48F,"ISRAEL, GOLAN HEIGHTS",1989-12-06,1989,98.02631578947368
3430,R/44/48G,"ISRAEL, PALESTINIAN STUDENTS",1989-12-06,1989,98.35526315789474
3479,R/44/121,"NUCLEAR PROLIFERATION, MIDDLE EAST",1989-12-06,1989,84.01360544217688
3491,R/44/174,"PALESTINE, LIVING CONDITIONS",1989-12-03,1989,96.12903225806451
3499,R/44/235,"PALESTINE, ASSISTANCE",1989-12-06,1989,98.3108108108108
3538,R/45/63,"NUCLEAR PROLIFERATION, MIDDLE EAST",1990-12-03,1990,81.87919463087249
3539,R/45/67A,"PALESTINE, RIGHTS COMMITTEE",1990-12-05,1990,90.75342465753424
3540,R/45/67B,"PALESTINE, RIGHTS COMMITTEE",1990-12-05,1990,90.97222222222221
3541,R/45/67C,"PALESTINE, INFORMATION",1990-12-05,1990,91.72413793103448
3542,R/45/68,MIDDLE EAST PEACE CONFERENCE,1990-12-05,1990,98.62068965517241
3543,R/45/69,"PALESTINE, INTIFADAH",1990-12-05,1990,97.58620689655172
3544,R/45/73A,"PALESTINE, ASSISTANCE",1990-12-03,1990,98.97260273972603
3545,R/45/73D,"PALESTINE, SCHOLARSHIPS, GRANTS",1990-12-03,1990,98.97260273972603
3546,R/45/73E,"PALESTINE, REFUGEES RESETTLEMENT",1990-12-03,1990,98.63013698630137
3547,R/45/73F,"PALESTINE, REFUGEES, RELIEF",1990-12-03,1990,83.21917808219177
3548,R/45/73G,"PALESTINE, REFUGEES, RETURN",1990-12-03,1990,90.41095890410958
3549,R/45/73H,"PALESTINE, REFUGEES, PROPERTIES",1990-12-03,1990,90.06849315068493
3550,R/45/73I,"PALESTINE, REFUGEES, PROTECTION",1990-12-03,1990,98.63013698630137
3551,R/45/73J,"JERUSALEM, UNIVERSITY",1990-12-03,1990,98.63013698630137
3552,R/45/73K,"PALESTINE, REFUGEES, PROTECTION",1990-12-03,1990,98.63013698630137
3553,R/45/74A,"ISRAEL, OCCUPIED TERRITORIES",1990-12-03,1990,83.79310344827586
3554,R/45/74B,"ISRAEL, GENEVA CONVENTION",1990-12-03,1990,98.9655172413793
3555,R/45/74C,"ISRAEL, OCCUPIED TERRITORIES",1990-12-03,1990,98.9655172413793
3556,R/45/74D,"PALESTINE, DETENTIONS",1990-12-03,1990,98.62068965517241
3557,R/45/74E,"ISRAEL, RESOLUTION COMPLIANCE",1990-12-03,1990,98.9655172413793
3558,R/45/74F,"ISRAEL, GOLAN HEIGHTS",1990-12-03,1990,97.94520547945206
3559,R/45/74G,"ISRAEL, PALESTINIAN STUDENTS",1990-12-03,1990,98.62068965517241
3565,R/45/83A,MIDDLE EAST PEACE PROCESS,1990-12-05,1990,76.1744966442953
3566,R/45/83B,"ISRAEL, ACTIONS AGAINST",1990-12-05,1990,70.74829931972789
3567,R/45/83C,JERUSALEM,1990-12-05,1990,97.98657718120806
3581,R/45/176D,"SOUTH AFRICA, ISRAEL",1990-12-04,1990,74.13793103448276
3585,R/45/183,"PALESTINE, ASSISTANCE",1990-12-06,1990,98.52941176470588
3608,R/46/39,"NUCLEAR PROLIFERATION, MIDDLE EAST",1991-12-06,1991,73.46938775510205
3611,R/46/46A,"PALESTINE, ASSISTANCE",1991-12-02,1991,99.63503649635037
3612,R/46/46D,"PALESTINE, SCHOLARSHIPS, GRANTS",1991-12-02,1991,99.66216216216216
3613,R/46/46E,"PALESTINE, REFUGEES RESETTLEMENT",1991-12-02,1991,98.6013986013986
3614,R/46/46F,"PALESTINE, REFUGEES, RELIEF",1991-12-02,1991,81.41891891891892
3615,R/46/46G,"PALESTINE, REFUGEES, RETURN",1991-12-02,1991,87.83783783783784
3616,R/46/46H,"PALESTINE, REFUGEES, PROPERTIES",1991-12-02,1991,87.5
3617,R/46/46I,"PALESTINE, REFUGEES, PROTECTION",1991-12-02,1991,98
3618,R/46/46J,"JERUSALEM, UNIVERSITY",1991-12-02,1991,97.98657718120806
3619,R/46/46K,"ISRAEL, PALESTINIAN STUDENTS",1991-12-02,1991,98.68421052631578
3620,R/46/47A,"ISRAEL, OCCUPIED TERRITORIES",1991-12-02,1991,79.60526315789474
3621,R/46/47B,"ISRAEL, GENEVA CONVENTION",1991-12-02,1991,98.3974358974359
3622,R/46/47C,"ISRAEL, OCCUPIED TERRITORIES",1991-12-02,1991,98.3974358974359
3623,R/46/47D,"PALESTINE, DETENTIONS",1991-12-02,1991,98.07692307692307
3624,R/46/47E,"ISRAEL, RESOLUTION COMPLIANCE",1991-12-02,1991,98.3974358974359
3625,R/46/47F,"ISRAEL, GOLAN HEIGHTS",1991-12-02,1991,98.07692307692307
3626,R/46/47G,"ISRAEL, PALESTINIAN STUDENTS",1991-12-02,1991,97.41935483870968
3634,R/46/74A,"PALESTINE, RIGHTS COMMITTEE",1991-12-04,1991,89.33333333333333
3635,R/46/74B,"PALESTINE, RIGHTS COMMITTEE",1991-12-04,1991,89.33333333333333
3636,R/46/74C,"PALESTINE, INFORMATION",1991-12-04,1991,90.93959731543623
3637,R/46/75,MIDDLE EAST PEACE CONFERENCE,1991-12-04,1991,84.12162162162163
3638,R/46/76,"PALESTINE, INTIFADAH",1991-12-04,1991,96.95945945945947
3642,R/46/79D,"SOUTH AFRICA, ISRAEL",1991-12-06,1991,69.93464052287581
3644,R/46/82A,MIDDLE EAST PEACE PROCESS,1991-12-02,1991,70.83333333333334
3645,R/46/82B,"ISRAEL, ACTIONS AGAINST",1991-12-02,1991,98.07692307692307
3657,R/46/162,"PALESTINE, LIVING CONDITIONS",1991-12-05,1991,96.80851063829788
3658,R/46/199,"ISRAEL, SETTLEMENTS",1991-12-06,1991,95.18518518518519
3659,R/46/201,"PALESTINE, ASSISTANCE",1991-12-06,1991,97.82608695652173
3687,R/47/55,"NUCLEAR PROLIFERATION, MIDDLE EAST",1992-12-04,1992,69.23076923076923
3692,R/47/63A,"ISRAEL, GOLAN HEIGHTS",1992-12-06,1992,73.61111111111111
3693,R/47/63B,JERUSALEM,1992-12-06,1992,97.58620689655172
3694,R/47/64A,"PALESTINE, RIGHTS, COMMITTEE",1992-12-06,1992,85.35031847133759
3695,R/47/64B,"PALESTINE, RIGHTS COMMITTEE",1992-12-06,1992,86.94267515923568
3696,R/47/64C,"PALESTINE, INFORMATION",1992-12-06,1992,97.75641025641025
3698,R/47/64E,"ISRAEL, OCCUPIED TERRITORIES",1992-12-06,1992,94.9367088607595
3700,R/47/69A,"PALESTINE, ASSISTANCE",1992-12-02,1992,99.27007299270073
3701,R/47/69D,"PALESTINE, SCHOLARSHIPS, GRANTS",1992-12-02,1992,99.64028776978418
3702,R/47/69E,"PALESTINE, REFUGEES RESETTLEMENT",1992-12-02,1992,98.56115107913669
3703,R/47/69F,"PALESTINE, REFUGEES, RELIEF",1992-12-02,1992,77.85714285714286
3704,R/47/69G,"PALESTINE, REFUGEES, RETURN",1992-12-02,1992,85.46099290780141
3705,R/47/69H,"PALESTINE, REFUGEES, PROPERTIES",1992-12-02,1992,84.64285714285714
3706,R/47/69I,"PALESTINE, REFUGEES, PROTECTION",1992-12-02,1992,98.21428571428571
3707,R/47/69J,"JERUSALEM, UNIVERSITY",1992-12-02,1992,98.22695035460993
3708,R/47/69K,"ISRAEL, PALESTINIAN STUDENTS",1992-12-02,1992,98.59154929577466
3709,R/47/70A,"ISRAEL, OCCUPIED TERRITORIES",1992-12-02,1992,77.11267605633803
3710,R/47/70B,"ISRAEL, GENEVA CONVENTION",1992-12-02,1992,97.93103448275862
3711,R/47/70C,"ISRAEL, OCCUPIED TERRITORIES",1992-12-02,1992,98.28767123287672
3712,R/47/70D,"PALESTINE, DETENTIONS",1992-12-02,1992,97.93103448275862
3713,R/47/70E,"ISRAEL, RESOLUTION COMPLIANCE",1992-12-02,1992,98.28767123287672
3714,R/47/70F,"ISRAEL, GOLAN HEIGHTS",1992-12-02,1992,97.94520547945206
3715,R/47/70G,"ISRAEL, PALESTINIAN STUDENTS",1992-12-02,1992,97.2972972972973
3723,R/47/116F,"SOUTH AFRICA, ISRAEL",1992-12-06,1992,67.20779220779221
3734,R/47/170,"PALESTINE, ASSISTANCE",1992-12-03,1992,97.79874213836479
3735,R/47/172,"ISRAEL, SETTLEMENTS",1992-12-03,1992,96.4968152866242
3744,R/48/40A,"PALESTINE, ASSISTANCE",1993-12-06,1993,99.375
3745,R/48/40D,"PALESTINE, SCHOLARSHIPS, GRANTS",1993-12-06,1993,99.68944099378882
3746,R/48/40E,"PALESTINE, REFUGEES RESETTLEMENT",1993-12-06,1993,98.73417721518987
3747,R/48/40F,"PALESTINE, DISPLACED PERSONS",1993-12-06,1993,97.15189873417721
3748,R/48/40G,"PALESTINE, REFUGEES, PROPERTIES",1993-12-06,1993,84.90566037735849
3749,R/48/40H,"PALESTINE, REFUGEES, PROTECTION",1993-12-06,1993,96.875
3750,R/48/40I,"JERUSALEM, UNIVERSITY",1993-12-06,1993,98.11320754716981
3751,R/48/40J,"ISRAEL, PALESTINIAN STUDENTS",1993-12-06,1993,98.75
3752,R/48/41A,"ISRAEL, OCCUPIED TERRITORIES",1993-12-06,1993,78.30188679245283
3753,R/48/41B,"ISRAEL, GENEVA CONVENTION",1993-12-06,1993,97.46835443037975
3754,R/48/41C,"ISRAEL, OCCUPIED TERRITORIES",1993-12-06,1993,83.22580645161291
3755,R/48/41D,"ISRAEL, GOLAN HEIGHTS",1993-12-06,1993,77.12418300653596
3762,R/48/58,"MIDDLE EAST, PEACE PROCESS",1993-12-03,1993,98.40764331210191
3763,R/48/59A,JERUSALEM,1993-12-03,1993,95.72368421052632
3764,R/48/59B,SYRIAN GOLAN,1993-12-03,1993,70.80536912751678
3778,R/48/78,"NUCLEAR PROLIFERATION, MIDDLE EAST",1993-12-05,1993,52.77777777777778
3796,R/48/158A,"PALESTINE, RIGHTS COMMITTEE",1993-12-02,1993,84.45945945945947
3797,R/48/158B,"PALESTINE, RIGHTS, SECRETARIAT",1993-12-02,1993,84.8993288590604
3798,R/48/158C,"PALESTINE, INFORMATION",1993-12-02,1993,98
3799,R/48/158D,"PALESTINE, PEACEFUL SETTLEMENT",1993-12-02,1993,79.25170068027211
3802,R/48/212,"ISRAEL, SETTLEMENTS",1993-12-03,1993,93.9873417721519
3810,R/49/35A,"PALESTINE, ASSISTANCE",1994-12-06,1994,99.37888198757764
3811,R/49/35C,"PALESTINE, DISPLACED PERSONS",1994-12-06,1994,97.82608695652173
3812,R/49/35D,"PALESTINE, SCHOLARSHIPS, GRANTS",1994-12-06,1994,99.68944099378882
3813,R/49/35E,UNRWA,1994-12-06,1994,98.14814814814815
3814,R/49/35F,"PALESTINE, REFUGEES, PROPERTIES",1994-12-06,1994,83.22981366459628
3815,R/49/35G,"JERUSALEM, UNIVERSITY",1994-12-06,1994,98.125
3816,R/49/36A,"ISRAEL, OCCUPIED TERRITORIES",1994-12-06,1994,75.79617834394905
3817,R/49/36B,"ISRAEL, GENEVA CONVENTION",1994-12-06,1994,96.81528662420382
3818,R/49/36C,"ISRAEL, OCCUPIED TERRITORIES",1994-12-06,1994,94.0251572327044
3819,R/49/36D,"ISRAEL, GOLAN HEIGHTS",1994-12-06,1994,95.1923076923077
3826,R/49/62A,"PALESTINE, RIGHTS COMMITTEE",1994-12-04,1994,84.72222222222221
3827,R/49/62B,"PALESTINE, RIGHTS, SECRETARIAT",1994-12-04,1994,84.93150684931507
3828,R/49/62C,"PALESTINE, INFORMATION",1994-12-04,1994,97.6027397260274
3829,R/49/62D,"PALESTINE, PEACEFUL SETTLEMENT",1994-12-04,1994,96.18055555555556
3849,R/49/78,"NUCLEAR PROLIFERATION, MIDDLE EAST",1994-12-05,1994,67.5
3852,R/49/87A,JERUSALEM,1994-12-06,1994,96.5034965034965
3853,R/49/87B,SYRIAN GOLAN,1994-12-06,1994,75.17241379310344
3857,R/49/132,"ISRAEL, SETTLEMENTS",1994-12-02,1994,91.55844155844156
3858,R/49/149,"PAKISTAN, SELF-DETERMINATION",1994-12-06,1994,93.29268292682927
3880,R/50/22A,JERUSALEM,1995-12-02,1995,94.82758620689656
3881,R/50/22B,SYRIAN GOLAN,1995-12-02,1995,71.57534246575342
3882,R/50/22C,"ISRAEL,. ATTACKS AGAINST LEBANON",1996-04-05,1996,73.46153846153847
3884,R/50/28A,"PALESTINE, ASSISTANCE",1995-12-04,1995,98.97260273972603
3885,R/50/28C,"PALESTINE, DISPLACED PERSONS",1995-12-04,1995,98.64864864864865
3886,R/50/28D,"PALESTINE, SCHOLARSHIPS, GRANTS",1995-12-04,1995,99.66666666666667
3887,R/50/28E,UNRWA,1995-12-04,1995,97.66666666666667
3888,R/50/28F,"PALESTINE, REFUGEES, PROPERTIES",1995-12-04,1995,82.31292517006803
3889,R/50/28G,"JERUSALEM, UNIVERSITY",1995-12-04,1995,98.01324503311258
3890,R/50/29A,"ISRAEL, OCCUPIED TERRITORIES",1995-12-04,1995,72
3891,R/50/29B,"ISRAEL, GENEVA CONVENTION",1995-12-04,1995,97.36842105263158
3892,R/50/29C,"ISRAEL, OCCUPIED TERRITORIES",1995-12-04,1995,96.38157894736842
3893,R/50/29D,"ISRAEL, GOLAN HEIGHTS",1995-12-04,1995,95.06578947368422
3941,R/50/73,"NUCLEAR PROLIFERATION, MIDDLE EAST",1995-12-03,1995,66.87898089171973
3943,R/50/84A,"PALESTINE, RIGHTS COMMITTEE",1995-12-06,1995,81.08108108108108
3944,R/50/84B,"PALESTINE, RIGHTS, SECRETARIAT",1995-12-06,1995,81
3945,R/50/84C,"PALESTINE, INFORMATION",1995-12-06,1995,96.33333333333334
3946,R/50/84D,"PALESTINE, PEACEFUL SETTLEMENT",1995-12-06,1995,96.95945945945947
3949,R/50/129,"ISRAEL, SETTLEMENTS",1995-12-04,1995,89.6774193548387
3951,R/50/140,"PALESTINE, SELF-DETERMINATION",1995-12-05,1995,95.80645161290322
3967,R/51/23,"PALESTINE, RIGHTS COMMITTEE",1996-12-04,1996,83.44370860927152
3968,R/51/24,"PALESTINE, RIGHTS, SECRETARIAT",1996-12-04,1996,83.76623376623377
3969,R/51/25,"PALESTINE, INFORMATION",1996-12-04,1996,97.82608695652173
3970,R/51/26,"PALESTINE, PEACEFUL SETTLEMENT",1996-12-04,1996,97.45222929936305
3971,R/51/27,JERUSALEM,1996-12-04,1996,95.34161490683229
3972,R/51/28,SYRIAN GOLAN,1996-12-04,1996,75.96153846153845
3997,R/51/48,"NUCLEAR PROLIFERATION, MIDDLE EAST",1996-12-03,1996,88.41463414634147
4001,R/51/82,"PALESTINE, SELF-DETERMINATION",1996-12-05,1996,94.76744186046511
4013,R/51/124,"PALESTINE, ASSISTANCE",1996-12-06,1996,98.75776397515527
4014,R/51/126,"PALESTINE, DISPLACED PERSONS",1996-12-06,1996,98.42767295597484
4015,R/51/127,"PALESTINE, SCHOLARSHIPS, GRANTS",1996-12-06,1996,99.69325153374233
4016,R/51/128,UNRWA,1996-12-06,1996,98.14814814814815
4017,R/51/129,"PALESTINE, REFUGEES, PROPERTIES",1996-12-06,1996,96.85534591194968
4018,R/51/130,"JERUSALEM, UNIVERSITY",1996-12-06,1996,97.8395061728395
4019,R/51/131,"ISRAEL, OCCUPIED TERRITORIES",1996-12-06,1996,74.35897435897436
4020,R/51/132,"ISRAEL, GENEVA CONVENTION",1996-12-06,1996,97.8125
4021,R/51/133,"ISRAEL, OCCUPIED TERRITORIES",1996-12-06,1996,96.85534591194968
4022,R/51/134,"ISRAEL, OCCUPIED TERRITORIES",1996-12-06,1996,96.20253164556962
4023,R/51/135,SYRIAN GOLAN,1996-12-06,1996,96.60493827160494
4031,R/51/190,"PALESTINE, SOVEREIGNTY",1996-12-02,1996,91.34615384615384
4036,R/51/223,"ISRAEL, SETTLEMENTS",1997-03-05,1997,97.74436090225564
4038,R/51/233,"LEBANON, INTERM FORCE",1997-06-06,1997,98.06201550387597
4063,R/52/41,"NUCLEAR PROLIFERATION, MIDDLE EAST",1997-12-03,1997,94.44444444444444
4065,R/52/49,"PALESTINE, RIGHTS, COMMITTEE",1997-12-03,1997,84.78260869565217
4066,R/52/50,"PALESTINE, RIGHTS, SECRETARIAT",1997-12-03,1997,84.0625
4067,R/52/51,"PALESTINE, INFORMATION",1997-12-03,1997,97.85276073619632
4068,R/52/52,"PALESTINE, PEACEFUL SETTLEMENT",1997-12-03,1997,98.11320754716981
4069,R/52/53,JERUSALEM,1997-12-03,1997,96.81528662420382
4070,R/52/54,SYRIAN GOLAN,1997-12-03,1997,78.6624203821656
4071,R/52/57,"PALESTINE, ASSISTANCE",1997-12-04,1997,99.06832298136646
4072,R/52/59,"PALESTINE, DISPLACED PERSONS",1997-12-04,1997,98.75776397515527
4073,R/52/60,"PALESTINE, SCHOLARSHIPS, GRANTS",1997-12-04,1997,99.69325153374233
4074,R/52/61,UNRWA,1997-12-04,1997,97.8395061728395
4075,R/52/62,"PALESTINE, REFUGEES, PROPERTIES",1997-12-04,1997,97.8395061728395
4076,R/52/63,"JERUSALEM, UNIVERSITY",1997-12-04,1997,97.8395061728395
4077,R/52/64,"ISRAEL, OCCUPIED TERRITORIES, COMMITTEE",1997-12-04,1997,75.64102564102564
4078,R/52/65,"ISRAEL, GENEVA CONVENTION",1997-12-04,1997,97.8125
4079,R/52/66,"ISRAEL, SETTLEMENTS",1997-12-04,1997,96.83544303797468
4080,R/52/67,"HUMAN RIGHTS, OCCUPIED TERRITORIES",1997-12-04,1997,96.54088050314465
4081,R/52/68,SYRIAN GOLAN,1997-12-04,1997,97.1875
4088,R/52/114,"PALESTINE, SELF-DETERMINATION",1997-12-06,1997,97.0414201183432
4105,R/52/207,"PALESTINE, SOVEREIGNTY",1997-12-05,1997,94.07894736842105
4106,R/52/237,"LEBANON, INTERM FORCE",1998-06-06,1998,98.18181818181819
4107,R/52/250,"PALESTINE, U.N. PARTICIPATION",1998-07-03,1998,93.47826086956522
4113,R/53/37,JERUSALEM,1998-12-04,1998,97.03947368421053
4114,R/53/38,SYRIAN GOLAN,1998-12-04,1998,80.12820512820514
4115,R/53/39,"PALESTINE, RIGHTS, COMMITTEE",1998-12-04,1998,83.54430379746836
4116,R/53/40,"PALESTINE, RIGHTS COMMITTEE",1998-12-04,1998,83.75
4117,R/53/41,"PALESTINE, INFORMATION",1998-12-04,1998,98.11320754716981
4118,R/53/42,"PALESTINE, PEACEFUL SETTLEMENT",1998-12-04,1998,97.77070063694268
4119,R/53/46,"PALESTINE, ASSISTANCE",1998-12-05,1998,98.74213836477988
4120,R/53/48,"PALESTINE, DISPLACED PERSONS",1998-12-05,1998,98.42767295597484
4121,R/53/49,"PALESTINE, SCHOLARSHIPS, GRANTS",1998-12-05,1998,99.68553459119497
4122,R/53/50,UNRWA,1998-12-05,1998,98.125
4123,R/53/51,"PALESTINE, REFUGEES, PROPERTIES",1998-12-05,1998,98.41772151898735
4124,R/53/52,"JERUSALEM, UNIVERSITY",1998-12-05,1998,98.11320754716981
4125,R/53/53,"ISRAEL, OCCUPIED TERRITORIES, COMMITTEE",1998-12-05,1998,76.94805194805194
4126,R/53/54,"ISRAEL, GENEVA CONVENTION",1998-12-05,1998,98.10126582278481
4127,R/53/55,"ISRAEL, SETTLEMENTS",1998-12-05,1998,97.40259740259741
4128,R/53/56,"HUMAN RIGHTS, OCCUPIED TERRITORIES",1998-12-05,1998,97.43589743589743
4129,R/53/57,SYRIAN GOLAN,1998-12-05,1998,97.43589743589743
4156,R/53/80,"NUCLEAR PROLIFERATION, MIDDLE EAST",1998-12-06,1998,95.58823529411765
4159,R/53/136,"PALESTINE, SELF-DETERMINATION",1998-12-04,1998,97.0414201183432
4167,R/53/196,"PALESTINE, SOVEREIGNTY",1998-12-03,1998,94.90445859872611
4168,R/53/227,"LEBANON, INTERM FORCE",1999-06-03,1999,97.95081967213115
4172,R/54/37,JERUSALEM,1999-12-04,1999,98.23943661971832
4173,R/54/38,SYRIAN GOLAN,1999-12-04,1999,80.47945205479452
4174,R/54/39,"PALESTINE, RIGHTS, COMMITTEE",1999-12-04,1999,82.58064516129032
4175,R/54/40,"PALESTINE, RIGHTS, SECRETARIAT",1999-12-04,1999,83.01282051282051
4176,R/54/41,"PALESTINE, INFORMATION",1999-12-04,1999,97.41935483870968
4177,R/54/42,"PALESTINE, PEACEFUL SETTLEMENT",1999-12-04,1999,97.38562091503267
4197,R/54/57,"NUCLEAR PROLIFERATION, MIDDLE EAST",1999-12-04,1999,95.3125
4201,R/54/69,"PALESTINE, ASSISTANCE",1999-12-02,1999,98.72611464968153
4202,R/54/71,"PALESTINE, DISPLACED PERSONS",1999-12-02,1999,98.08917197452229
4203,R/54/72,"PALESTINE, SCHOLARSHIPS, GRANTS",1999-12-02,1999,99.68354430379746
4204,R/54/73,UNRWA,1999-12-02,1999,98.3974358974359
4205,R/54/74,"PALESTINE, REFUGEES, PROPERTIES",1999-12-02,1999,98.08917197452229
4206,R/54/75,"JERUSALEM, UNIVERSITY",1999-12-02,1999,98.40764331210191
4207,R/54/76,"ISRAEL, OCCUPIED TERRITORIES, COMMITTEE",1999-12-02,1999,76.64473684210526
4208,R/54/77,"ISRAEL, GENEVA CONVENTION",1999-12-02,1999,98.3974358974359
4209,R/54/78,"ISRAEL, SETTLEMENTS",1999-12-02,1999,97.07792207792207
4210,R/54/79,"HUMAN RIGHTS, OCCUPIED TERRITORIES",1999-12-02,1999,97.72727272727273
4211,R/54/80,SYRIAN GOLAN,1999-12-02,1999,97.74193548387096
4220,R/54/152,"PALESTINE, SELF-DETERMINATION",1999-12-06,1999,98.41772151898735
4236,R/54/230,"PALESTINE, SOVEREIGNTY",1999-12-04,1999,96.07843137254902
4237,R/54/267,"LEBANON, INTERM FORCE",2000-06-06,2000,98.1981981981982
4260,R/55/36,"NUCLEAR PROLIFERATION, MIDDLE EAST",2000-11-03,2000,95.80838323353294
4263,R/55/50,JERUSALEM,2000-12-07,2000,97.66666666666667
4264,R/55/51,SYRIAN GOLAN,2000-12-07,2000,80.5921052631579
4265,R/55/52,"PALESTINE, RIGHTS, COMMITTEE",2000-12-07,2000,83.22580645161291
4266,R/55/53,"PALESTINE, RIGHTS, SECRETARIAT",2000-12-07,2000,83.33333333333334
4267,R/55/54,"PALESTINE, INFORMATION",2000-12-07,2000,98.05194805194806
4268,R/55/55,"PALESTINE, PEACEFUL SETTLEMENT",2000-12-07,2000,97.7124183006536
4271,R/55/87,"PALESTINE, SELF-DETERMINATION",2000-12-03,2000,97.44318181818183
4283,R/55/123,"PALESTINE, ASSISTANCE",2000-12-07,2000,98.42767295597484
4284,R/55/125,"PALESTINE, DISPLACED PERSONS",2000-12-07,2000,98.11320754716981
4285,R/55/126,"PALESTINE, SCHOLARSHIPS, GRANTS",2000-12-07,2000,99.6875
4286,R/55/127,UNRWA,2000-12-07,2000,98.125
4287,R/55/128,"PALESTINE, REFUGEES, PROPERTIES",2000-12-07,2000,98.11320754716981
4288,R/55/129,"JERUSALEM, UNIVERSITY",2000-12-07,2000,98.11320754716981
4289,R/55/130,"ISRAEL, OCCUPIED TERRITORIES, COMMITTEE",2000-12-07,2000,78.75816993464052
4290,R/55/131,"ISRAEL, GENEVA CONVENTION",2000-12-07,2000,98.06451612903226
4291,R/55/132,"ISRAEL, SETTLEMENTS",2000-12-07,2000,97.41935483870968
4292,R/55/133,"HUMAN RIGHTS, OCCUPIED TERRITORIES",2000-12-07,2000,97.7124183006536
4293,R/55/134,SYRIAN GOLAN,2000-12-07,2000,98.05194805194806
4302,R/55/180A,"LEBANON, INTERM FORCE",2000-12-04,2000,97.88732394366197
4303,R/55/180B,"LEBANON, INTERM FORCE",2001-06-06,2001,97.43589743589743
4304,R/55/209,"PALESTINE, SOVEREIGNTY",2000-12-05,2000,97.68211920529801
4325,R/56/27,"NUCLEAR PROLIFERATION, MIDDLE EAST",2001-11-06,2001,96.27329192546584
4326,R/56/31,JERUSALEM,2001-12-03,2001,95.0354609929078
4327,R/56/32,SYRIAN GOLAN,2001-12-03,2001,78.37837837837837
4328,R/56/33,"PALESTINE RIGHTS, COMMITTEE",2001-12-03,2001,81.64556962025317
4329,R/56/34,"PALESTINE, RIGHTS, SECRETARIAT",2001-12-03,2001,81.9620253164557
4330,R/56/35,"PALESTINE, INFORMATION",2001-12-03,2001,96.54088050314465
4331,R/56/36,"PALESTINE, PEACEFUL SETTLEMENT",2001-12-03,2001,89.74358974358975
4333,R/56/52,"PALESTINE, ASSISTANCE",2001-12-03,2001,98.05194805194806
4334,R/56/54,"PALESTINE, DISPLACED PERSONS",2001-12-03,2001,97.72727272727273
4335,R/56/55,"PALESTINE, SCHOLARSHIPS, GRANTS",2001-12-03,2001,99.67532467532467
4336,R/56/56,UNRWA,2001-12-03,2001,97.72727272727273
4337,R/56/57,"PALESTINE, REFUGEES, PROPERTIES",2001-12-03,2001,97.7124183006536
4338,R/56/58,"JERUSALEM, UNIVERSITY",2001-12-03,2001,97.72727272727273
4339,R/56/59,"ISRAEL, OCCUPIED TERRITORIES, COMMITTEE",2001-12-03,2001,77.08333333333334
4340,R/56/60,"ISRAEL, GENEVA CONVENTION",2001-12-03,2001,96.73202614379085
4341,R/56/61,"ISRAEL, SETTLEMENTS",2001-12-03,2001,96.35761589403974
4342,R/56/62,"HUMAN RIGHTS, OCCUPIED TERRITORIES",2001-12-03,2001,96.66666666666667
4343,R/56/63,SYRIAN GOLAN,2001-12-03,2001,97.68211920529801
4350,R/56/142,"PALESTINE, SELF-DETERMINATION",2001-12-05,2001,97.86585365853658
4366,R/56/204,"PALESTINE, SOVEREIGNTY",2001-12-07,2001,96.12903225806451
4367,R/56/214A,"LEBANON, INTERM FORCE",2001-12-07,2001,97.61904761904762
4368,R/56/214B,"LEBANON, INTERM FORCE",2001-12-07,2001,98.36065573770492
4396,R/57/97,"NUCLEAR PROLIFERATION, MIDDLE EAST",2002-11-07,2002,95.83333333333334
4398,R/57/107,"PALESTINE, RIGHTS, COMMITTEE",2002-12-04,2002,80.95238095238095
4399,R/57/108,"PALESTINE, RIGHTS, SECRETARIAT",2002-12-04,2002,80.83832335329342
4400,R/57/109,"PALESTINE, INFORMATION",2002-12-04,2002,96.93251533742331
4401,R/57/110,"PALESTINE, PEACEFUL SETTLEMENT",2002-12-04,2002,96.6867469879518
4402,R/57/111,JERUSALEM,2002-12-04,2002,95.1219512195122
4403,R/57/112,SYRIAN GOLAN,2002-12-04,2002,80.76923076923077
4404,R/57/117,"PALESTINE, ASSISTANCE",2002-12-05,2002,97.85276073619632
4405,R/57/119,"PALESTINE, DISPLACED PERSONS",2002-12-05,2002,95.98765432098766
4406,R/57/120,"PALESTINE, SCHOLARSHIPS, GRANTS",2002-12-05,2002,99.6951219512195
4407,R/57/121,UNRWA,2002-12-05,2002,95.70552147239265
4408,R/57/122,"PALESTINE, REFUGEES, PROPERTIES",2002-12-05,2002,96.36363636363636
4409,R/57/123,"JERUSALEM, UNIVERSITY",2002-12-05,2002,95.70552147239265
4410,R/57/124,"ISRAEL, OCCUPIED TERRITORIES, COMMITTEE",2002-12-05,2002,75.15923566878982
4411,R/57/125,"ISRAEL, GENEVA CONVENTION",2002-12-05,2002,95.39877300613497
4412,R/57/126,"ISRAEL, SETTLEMENTS",2002-12-05,2002,95.37037037037037
4413,R/57/127,"HUMAN RIGHTS, OCCUPIED TERRITORIES",2002-12-05,2002,94.33962264150944
4414,R/57/128,SYRIAN GOLAN,2002-12-05,2002,96.64634146341463
4423,R/57/188,"PALESTINE, CHILDREN",2002-12-05,2002,79.65116279069767
4427,R/57/198,"PALESTINE, SOVEREIGNTY",2002-12-05,2002,96.91011235955057
4442,R/57/269,"PALESTINE, SOVEREIGNTY",2002-12-07,2002,96.29629629629629
4444,R/57/325,"LEBANON, INTERM FORCE",2003-06-05,2003,98.52941176470588
4446,R/58/307,Financing of the UN Interim Force in Lebanon : resolution /,2004-06-18,2004,98.48484848484848
4447,R/58/292,"Status of the Occupied Territory, including East Jerusalem :",2004-05-06,2004,92.62820512820514
4451,R/58/229,Permanent sovereignty of the Palestinian people in the Occup,2003-12-23,2003,94.70588235294117
4454,R/58/163,The right of the Palestinian people to self-determination :,2003-12-22,2003,97.10982658959537
4474,R/58/155,Situation of and assistance to Palestinian children : resolu,2003-12-22,2003,78.57142857142857
4476,R/58/113,Assistance to the Palestinian people : resolution / adopted,2003-12-17,2003,99.41520467836257
4482,R/58/98,"Israeli settlements in the Occupied Palestinian Territory, i",2003-12-09,2003,95.37572254335261
4483,R/58/97,Applicability of the Geneva Convention relative to the Prote,2003-12-09,2003,95.37572254335261
4484,R/58/96,Work of the Special Committee to Investigate Israeli Practic,2003-12-09,2003,73.09941520467837
4485,R/58/95,Assistance to Palestine refugees and support for the UN Reli,2003-12-09,2003,89.52095808383234
4486,R/58/94,Palestine refugees' properties and their revenues : resoluti,2003-12-09,2003,95.93023255813954
4487,R/58/93,Operations of the UN Relief and Works Agency for Palestine R,2003-12-09,2003,94.82758620689656
4488,R/58/99,Israeli practices affecting the human rights of the Palestin,2003-12-09,2003,91.0919540229885
4490,R/58/91,Assistance to Palestine refugees : resolution / adopted by t,2003-12-09,2003,97.14285714285714
4513,R/58/22,Jerusalem : resolution / adopted by the General Assembly,2003-12-03,2003,93.19526627218934
4514,R/58/21,Peaceful settlement of the question of Palestine : resolutio,2003-12-03,2003,95
4515,R/58/18,Committee on the Exercise of the Inalienable Rights of the P,2003-12-03,2003,77.30061349693251
4516,R/58/20,Special information programme on the question of Palestine o,2003-12-03,2003,94.70588235294117
4517,R/58/19,Division for Palestinian Rights of the Secretariat : resolut,2003-12-03,2003,77.40963855421687
4521,R/59/307,Financing of the United Nations Interim Force in Lebanon : r,2005-12-08,2005,98.046875
4525,R/59/251,Permanent sovereignty of the Palestinian people in the Occup,2004-12-22,2004,93.85964912280701
4542,R/59/179,The right of the Palestinian people to self-determination :,2004-12-20,2004,96.50537634408603
4545,R/59/173,The situation of and assistance to Palestinian children : re,2004-12-20,2004,80.32786885245902
4553,R/59/124,Israeli practices affecting the human rights of the Palestin,2004-12-10,2004,89.83050847457628
4554,R/59/123,"Israeli settlements in the Occupied Palestinian Territory, i",2004-12-10,2004,91.24293785310734
4555,R/59/122,Applicability of the Geneva Convention relative to the Prote,2004-12-10,2004,92.93785310734464
4556,R/59/121,Work of the Special Committee to Investigate Israeli Practic,2004-12-10,2004,71.51162790697676
4557,R/59/120,Palestine refugees' properties and their revenues : resoluti,2004-12-10,2004,94
4558,R/59/119,Operations of the United Nations Relief and Works Agency for,2004-12-10,2004,94.57142857142857
4560,R/59/117,Assistance to Palestine refugees : resolution / adopted by t,2004-12-10,2004,96.34831460674157
4582,R/59/30,Special information programme on the question of Palestine o,2004-12-01,2004,93.50282485875707
4584,R/59/32,Jerusalem : resolution / adopted by the General Assembly,2004-12-01,2004,91.76136363636364
4585,R/59/31,Peaceful settlement of the question of Palestine : resolutio,2004-12-01,2004,93.22033898305084
4586,R/59/29,Division for Palestinian Rights of the Secretariat : resolut,2004-12-01,2004,77.01149425287356
4587,R/59/28,Committee on the Exercise of Inalienable Rights of the Pales,2004-12-01,2004,77.74566473988439
4601,R/60/183,Permanent sovereignty of the Palestinian people in the Occup,2005-12-22,2005,94.0828402366864
4615,R/60/146,The right of the Palestinian people to self-determination :,2005-12-16,2005,96.85714285714285
4642,R/60/100,Assistance to Palestine refugees : resolution / adopted by t,2005-12-08,2005,96.22093023255815
4644,R/60/103,Palestine Refugees' properties and their revenues : resoluti,2005-12-08,2005,95.53571428571429
4645,R/60/104,Work of the Special Committee to Investigate Israeli Practic,2005-12-08,2005,72.18934911242604
4646,R/60/105,Applicability of the Geneva Convention relative to the Prote,2005-12-08,2005,94.41176470588235
4647,R/60/106,"Israeli settlements in the Occupied Palestinian Territory, i",2005-12-08,2005,92.89940828402366
4648,R/60/107,Israeli practices affecting the human rights of the Palestin,2005-12-08,2005,90.93567251461988
4657,R/60/102,Operations of the United Nations Relief and Works Agency for,2005-12-08,2005,95.50898203592814
4658,R/60/41,Jerusalem : resolution / adopted by the General Assembly,2005-12-01,2005,92.39766081871345
4659,R/60/39,Peaceful settlement of the Question of Palestine : resolutio,2005-12-01,2005,93.82352941176471
4660,R/60/38,Special Information Programme on the Question of Palestine o,2005-12-01,2005,94.18604651162791
4661,R/60/37,Division for Palestinian Rights of the Secretariat : resolut,2005-12-01,2005,78.0701754385965
4662,R/60/36,Committee on the Exercise of the Inalienable Rights of the P,2005-12-01,2005,78.19767441860465
4666,R/60/278,"UN INTERIM FORCE IN LEBANON, FINANCING",2006-06-30,2006,97.7124183006536
4670,R/61/25,PALESTINE QUESTION,2006-12-01,2006,93.0635838150289
4671,R/61/26,"MIDDLE EAST SITUATION, PALESTINE QUESTION",2006-12-01,2006,93.85964912280701
4672,R/61/24,PALESTINE QUESTION,2006-12-01,2006,93.31395348837209
4673,R/61/23,PALESTINE QUESTION,2006-12-01,2006,77.51479289940828
4674,R/61/22,PALESTINE QUESTION,2006-12-01,2006,77.51479289940828
4705,R/61/116,"TERRITORIES OCCUPIED BY ISRAEL, HUMAN RIGHTS",2006-12-14,2006,72.62569832402235
4708,R/61/114,"UNRWA, ACTIVITIES",2006-12-14,2006,94.5054945054945
4709,R/61/115,"UNRWA, ACTIVITIES",2006-12-14,2006,94.53551912568307
4710,R/61/135,"PALESTINIANS, ASSISTANCE",2006-12-14,2006,98.17073170731707
4715,R/61/112,"UNRWA, ACTIVITIES",2006-12-14,2006,96.97802197802197
4717,R/61/117,"TERRITORIES OCCUPIED BY ISRAEL, HUMAN RIGHTS",2006-12-14,2006,93.37016574585635
4718,R/61/118,"TERRITORIES OCCUPIED BY ISRAEL, HUMAN RIGHTS",2006-12-14,2006,92.73743016759776
4719,R/61/119,"TERRITORIES OCCUPIED BY ISRAEL, HUMAN RIGHTS",2006-12-14,2006,91.62011173184358
4720,R/61/120,"TERRITORIES OCCUPIES BY ISRAEL, HUMAN RIGHTS",2006-12-14,2006,94.44444444444444
4736,R/61/154,The human rights situation arising from the recent Israeli m,2006-12-19,2006,78.57142857142857
4737,R/61/152,The right of the palestine people to self-determination: res,2006-12-19,2006,95.94594594594594
4746,R/61/184,Permanent souvereignity of the Palestine people in the occup,2006-12-20,2006,94.10112359550563
4751,R/61/250B,"UN INTERIM FORCE IN LEBANON, FINANCING",2007-04-02,2007,97.46376811594203
4752,R/61/250C,"UN INTERIM FORCE IN LEBANON, FINANCING",2007-06-29,2007,98.25174825174825
4779,R/62/84,"MIDDLE EAST SITUATION, PALESTINE QUESTION",2007-12-10,2007,94.47674418604652
4780,R/62/80,PALESTINE QUESTION,2007-12-10,2007,79.23976608187134
4781,R/62/81,PALESTINE QUESTION,2007-12-10,2007,79.53216374269006
4782,R/62/83,PALESTINE QUESTION,2007-12-10,2007,94.47674418604652
4784,R/62/82,PALESTINE QUESTION,2007-12-10,2007,93.9306358381503
4789,R/62/106,"TERRITORIES OCCUPIED BY ISRAEL, HUMAN RIGHTS",2007-12-17,2007,74.13793103448276
4790,R/62/107,"TERRITORIES OCCUPIED BY ISRAEL, HUMAN RIGHTS",2007-12-17,2007,95.76271186440678
4791,R/62/103,"UNRWA, ACTIVITIES, PALESTINE",2007-12-17,2007,96.06741573033707
4792,R/62/105,"UNRWA, ACTIVITIES, PALESTINE",2007-12-17,2007,95.78651685393258
4794,R/62/102,"UNRWA, ACTIVITIES, PALESTINE",2007-12-17,2007,97.19101123595506
4795,R/62/108,"TERRITORIES OCCUPIED BY ISRAEL, HUMAN RIGHTS",2007-12-17,2007,94.85714285714286
4796,R/62/110,"TERRITORIES OCCUPIED BY ISRAEL, HUMAN RIGHTS",2007-12-17,2007,96.55172413793103
4797,R/62/104,"UNRWA, ACTIVITIES, PALESTINE",2007-12-17,2007,95.78651685393258
4808,R/62/146,"SELF-DETERMINATION OF PEOPLES, PALESTINIAN PEOPLE",2007-12-18,2007,96.19565217391305
4817,R/62/181,"TERRITPRIES OCCUPIED BY ISRAEL, NATURAL RESOURCES",2007-12-19,2007,94.3820224719101
4836,R/63/30,MIDDLE EAST SITUATION,2008-11-26,2008,94.82758620689656
4837,R/63/29,PALESTINE QUESTION,2008-11-26,2008,95.08670520231213
4838,R/63/28,PALESTINE QUESTION,2008-11-26,2008,94.21965317919076
4839,R/63/27,PALESTINE QUESTION,2008-11-26,2008,78.52941176470588
4840,R/63/26,PALESTINE QUESTION,2008-11-26,2008,78.65497076023392
4867,R/63/91,"UNRWA, ACTIVITIES, PALESTINE QUESTION",2008-12-05,2008,97.76536312849163
4874,R/63/99,"TERRITORIES OCCUPIED BY ISRAEL, HUMAN RIGHTS",2008-12-05,2008,97.47191011235955
4875,R/63/98,"TERRITORIES OCCUPIED BY ISRAEL, HUMAN RIGHTS",2008-12-05,2008,94.31818181818183
4876,R/63/92,"UNRWA, ACTIVITIES, PALESTINE QUESTION",2008-12-05,2008,96.08938547486034
4877,R/63/94,"UNRWA, ACTIVITIES, PALESTINE QUESTION",2008-12-05,2008,96.11111111111111
4878,R/63/95,"TERRITORIES OCCUPIED BY ISRAEL, HUMAN RIGHTS",2008-12-05,2008,74.42528735632183
4879,R/63/93,"UNRWA, ACTIVITIES, PALESTINE QUESTION",2008-12-05,2008,96.11111111111111
4880,R/63/96,"TERRITORIES OCCUPIED BY ISRAEL, HUMAN RIGHTS",2008-12-05,2008,96.36871508379889
4881,R/63/97,"TERRITORIES OCCUPIED BY ISRAEL, HUMAN RIGHTS",2008-12-05,2008,96.06741573033707
4892,R/63/165,SELF-DETERMINATION OF PEOPLES,2008-12-18,2008,95.38043478260869
4898,R/63/201,"TERRITORIES OCCUPIED BY ISRAEL, NATURAL RESOURCES",2008-12-19,2008,94.0340909090909
4981,R/64/16,PALESTINE QUESTION,2009-12-02,2009,79.53216374269006
4982,R/64/17,PALESTINE QUESTION,2009-12-02,2009,79.3103448275862
4983,R/64/18,PALESTINE QUESTION,2009-12-02,2009,93.96551724137932
4984,R/64/19,PALESTINE QUESTION,2009-12-02,2009,94.82758620689656
4985,R/64/20,MIDDLE EAST SITUATION,2009-12-02,2009,94.54022988505747
5009,R/64/89,"UNRWA, ACTIVITIES",2009-12-10,2009,95.42857142857143
5010,R/64/90,"UNRWA, ACTIVITIES",2009-12-10,2009,95.73863636363636
5011,R/64/91,"TERRITORIES OCCUPIED BY ISRAEL, HUMAN RIGHTS",2009-12-10,2009,73.5632183908046
5012,R/64/93,"TERRITORIES OCCUPIED BY ISRAEL, HUMAN RIGHTS",2009-12-10,2009,95.17045454545455
5013,R/64/94,"TERRITORIES OCCUPIED BY ISRAEL, HUMAN RIGHTS",2009-12-10,2009,93.42857142857143
5019,R/64/87,"UNRWA, ACTIVITIES",2009-12-10,2009,97.42857142857143
5020,R/64/92,"TERRITORIES OCCUPIED BY ISRAEL, HUMAN RIGHTS",2009-12-10,2009,95.48022598870057
5021,R/64/95,"TERRITORIES OCCUPIED BY ISRAEL, HUMAN RIGHTS",2009-12-10,2009,96.32768361581921
5032,R/64/150,SELF-DETERMINATION OF PEOPLES,2009-12-18,2009,95.92391304347827
5038,R/64/185,"TERRITORIES OCCUPIED BY ISRAEL, NATURAL RESOURCES",2009-12-21,2009,93.57541899441341
5045,R/64/282,"UN INTERIM FORCE IN LEBANON, FINANCING",2010-06-24,2010,98.10606060606061
5050,R/65/16,PALESTINE QUESTION,2010-11-30,2010,94.85714285714286
5051,R/65/15,PALESTINE QUESTION,2010-11-30,2010,94.88636363636364
5052,R/65/13,PALESTINE QUESTION,2010-11-30,2010,79.3103448275862
5053,R/65/14,PALESTINE QUESTION,2010-11-30,2010,78.73563218390804
5055,R/65/17,MIDDLE EAST SITUATION,2010-11-30,2010,95.42857142857143
5080,R/65/100,UNRWA--ACTIVITIES,2010-12-08,2010,96.02272727272727
5081,R/65/101,UNRWA--ACTIVITIES,2010-12-10,2010,96.02272727272727
5082,R/65/102,"TERRITORIES OCCUPIED BY ISRAEL, HUMAN RIGHTS",2010-12-10,2010,74.13793103448276
5083,R/65/103,"TERRITORIES OCCUPIED BY ISRAEL, HUMAN RIGHTS",2010-12-10,2010,96.02272727272727
5084,R/65/104,"TERRITORIES OCCUPIED BY ISRAEL, HUMAN RIGHTS",2010-12-10,2010,95.76271186440678
5085,R/65/105,"TERRITORIES OCCUPIED BY ISRAEL, HUMAN RIGHTS",2010-12-10,2010,94.28571428571428
5086,R/65/106,"TERRITORIES OCCUPIED BY ISRAEL, HUMAN RIGHTS",2010-12-10,2010,96.875
5094,R/65/98,"UNRWA, ACTIVITIES",2010-12-10,2010,97.71428571428571
5097,R/65/202,SELF-DETERMINATION OF PEOPLES,2010-12-21,2010,95.6989247311828
5111,R/65/272,UNRWA--ACTIVITIES,2011-04-18,2011,99.1869918699187
5115,R/65/303,UN INTERIM FORCE IN LEBANON--FINANCING,2011-06-30,2011,97.08333333333333
5119,R/66/14,PALESTINE QUESTION,2011-11-30,2011,80.28571428571428
5122,R/66/146,SELF-DETERMINATION OF PEOPLES,2011-12-19,2011,95.54973821989529
5124,R/66/15,PALESTINE QUESTION,2011-11-30,2011,79.54545454545455
5130,R/66/16,PALESTINE QUESTION,2011-11-30,2011,94.66292134831461
5132,R/66/17,PALESTINE QUESTION,2011-11-30,2011,94.91525423728814
5136,R/66/18,MIDDLE EAST SITUATION,2011-11-30,2011,94.57142857142857
5144,R/66/225,TERRITORIES OCCUPIED BY ISRAEL--NATURAL RESOURCES,2011-12-22,2011,94.41340782122904
5166,R/66/72,UNRWA--ACTIVITIES,2011-12-09,2011,97.02380952380952
5168,R/66/74,UNRWA--ACTIVITIES,2011-12-09,2011,95.37572254335261
5169,R/66/75,UNRWA--ACTIVITIES,2011-12-09,2011,95.37572254335261
5170,R/66/76,TERRITORIES OCCUPIED BY ISRAEL--HUMAN RIGHTS,2011-12-09,2011,72.48520710059172
5171,R/66/77,TERRITORIES OCCUPIED BY ISRAEL--HUMAN RIGHTS,2011-12-09,2011,95.34883720930233
5172,R/66/78,TERRITORIES OCCUPIED BY ISRAEL--HUMAN RIGHTS,2011-12-09,2011,94.76744186046511
5173,R/66/79,TERRITORIES OCCUPIED BY ISRAEL--HUMAN RIGHTS,2011-12-09,2011,93.56725146198829
5174,R/66/80,TERRITORIES OCCUPIED BY ISRAEL--HUMAN RIGHTS,2011-12-09,2011,96.24277456647398
5182,R/67/19,PALESTINE QUESTION,2012-11-29,2012,84.22459893048129
5183,R/67/20,PALESTINE QUESTION,2012-11-30,2012,79.16666666666666
5184,R/67/21,PALESTINE QUESTION,2012-11-30,2012,77.94117647058823
5185,R/67/22,PALESTINE QUESTION,2012-11-30,2012,93.9306358381503
5186,R/67/23,PALESTINE QUESTION,2012-11-30,2012,95.08670520231213
5187,R/67/24,MIDDLE EAST SITUATION,2012-11-30,2012,94.25287356321839
5213,R/67/114,UNRWA--ACTIVITIES,2012-12-18,2012,97.19101123595506
5215,R/67/116,UNRWA--ACTIVITIES,2012-12-18,2012,96.34831460674157
5216,R/67/117,UNRWA--ACTIVITIES,2012-12-18,2012,96.11111111111111
5217,R/67/118,TERRITORIES OCCUPIED BY ISRAEL--HUMAN RIGHTS,2012-12-18,2012,75.14124293785311
5218,R/67/119,TERRITORIES OCCUPIED BY ISRAEL--HUMAN RIGHTS,2012-12-18,2012,95.81005586592178
5219,R/67/120,TERRITORIES OCCUPIED BY ISRAEL--HUMAN RIGHTS,2012-12-18,2012,95.25139664804469
5220,R/67/121,TERRITORIES OCCUPIED BY ISRAEL--HUMAN RIGHTS,2012-12-18,2012,93.78531073446328
5221,R/67/122,TERRITORIES OCCUPIED BY ISRAEL--HUMAN RIGHTS,2012-12-18,2012,96.36871508379889
5230,R/67/158,SELF-DETERMINATION OF PEOPLES,2012-12-20,2012,95.47872340425532
5246,R/67/229,TERRITORIES OCCUPIED BY ISRAEL--NATURAL RESOURCES,2012-12-21,2012,93.78378378378378
5251,R/68/16,MIDDLE EAST SITUATION,2013-11-26,2013,94.28571428571428
5252,R/68/15,PALESTINE QUESTION,2013-11-26,2013,94.88636363636364
5253,R/68/14,PALESTINE QUESTION,2013-11-26,2013,94.0340909090909
5254,R/68/13,PALESTINE QUESTION,2013-11-26,2013,78.90173410404624
5255,R/68/12,PALESTINE QUESTION,2013-11-26,2013,79.65116279069767
5281,R/68/83,TERRITORIES OCCUPIED BY ISRAEL--HUMAN RIGHTS,2013-12-11,2013,93.33333333333333
5282,R/68/82,TERRITORIES OCCUPIED BY ISRAEL--HUMAN RIGHTS,2013-12-11,2013,94.1988950276243
5283,R/68/81,TERRITORIES OCCUPIED BY ISRAEL--HUMAN RIGHTS,2013-12-11,2013,94.7513812154696
5284,R/68/80,TERRITORIES OCCUPIED BY ISRAEL--HUMAN RIGHTS,2013-12-11,2013,74.29378531073446
5285,R/68/76,UNRWA--ACTIVITIES,2013-12-11,2013,97.23756906077348
5286,R/68/79,UNRWA--ACTIVITIES,2013-12-11,2013,95.32967032967034
5287,R/68/84,TERRITORIES OCCUPIED BY ISRAEL--HUMAN RIGHTS,2013-12-11,2013,96.13259668508287
5289,R/68/78,UNRWA--ACTIVITIES,2013-12-11,2013,95.02762430939227
5298,R/68/154,SELF-DETERMINATION OF PEOPLES,2013-12-18,2013,95.2127659574468
5306,R/68/235,TERRITORIES OCCUPIED BY ISRAEL--NATURAL RESOURCES,2013-12-20,2013,94.23076923076923
5311,R/68/292,UN INTERIM FORCE IN LEBANON--FINANCING,2014-06-30,2014,97.51773049645391
5315,R/69/20,NA,2014-11-25,2014,77.56410256410257
5316,R/69/21,NA,2014-11-25,2014,76.6025641025641
5317,R/69/22,NA,2014-11-25,2014,92.90123456790124
5318,R/69/23,NA,2014-11-25,2014,93.7888198757764
5319,R/69/24,NA,2014-11-25,2014,93.08176100628931
5351,R/69/86,NA,2014-12-05,2014,96.53179190751445
5353,R/69/88,NA,2014-12-05,2014,94.91525423728814
5354,R/69/89,NA,2014-12-05,2014,94.35028248587571
5355,R/69/90,NA,2014-12-05,2014,72.28571428571429
5356,R/69/91,NA,2014-12-05,2014,93.53932584269663
5357,R/69/92,NA,2014-12-05,2014,92.65536723163842
5358,R/69/93,NA,2014-12-05,2014,92.37288135593221
5367,R/69/165,NA,2014-12-18,2014,95.26315789473684
5386,R/69/241,NA,2014-12-19,2014,94.1340782122905
5390,R/69/302,NA,2015-06-25,2015,80.79710144927536
5396,R/70/12,NA,2015-11-24,2015,78.01204819277109
5397,R/70/13,NA,2015-11-24,2015,77.27272727272727
5398,R/70/14,NA,2015-11-24,2015,93.75
5399,R/70/15,NA,2015-11-24,2015,93.75
5400,R/70/16,NA,2015-11-24,2015,93.41317365269461
5431,R/70/83,NA,2015-12-09,2015,96.34831460674157
5433,R/70/85,NA,2015-12-09,2015,95.25139664804469
5434,R/70/86,NA,2015-12-09,2015,94.91525423728814
5435,R/70/87,NA,2015-12-09,2015,73.42857142857143
5436,R/70/88,NA,2015-12-09,2015,94.31818181818183
5437,R/70/89,NA,2015-12-09,2015,93.71428571428572
5438,R/70/90,NA,2015-12-09,2015,92.57142857142857
5447,R/70/141,NA,2015-12-17,2015,95.18716577540107
5463,R/70/225,NA,2015-12-22,2015,94.3820224719101
5479,A/RES/71/184,The right of the Palestinian people to self-determination : resolution / adopted by the General Assembly,2016-12-19,2016,95.16129032258065
5469,A/RES/71/20,Committee on the Exercise of the Inalienable Rights of the Palestinian People : resolution / adopted by the General Assembly,2016-11-30,2016,77.46913580246914
5470,A/RES/71/21,Division for Palestinian Rights of the Secretariat : resolution / adopted by the General Assembly,2016-11-30,2016,76.85185185185185
5471,A/RES/71/22,Special information programme on the question of Palestine of the Department of Public Information of the Secretariat : resolution / adopted by the General Assembly,2016-11-30,2016,93.63636363636364
5472,A/RES/71/23,Peaceful settlement of the question of Palestine : resolution / adopted by the General Assembly,2016-11-30,2016,93.63636363636364
5494,A/RES/71/247,"Permanent sovereignty of the Palestinian people in the Occupied Palestinian Territory, including East Jerusalem, and of the Arab population in the occupied Syrian Golan over their natural resources : resolution / adopted by the General Assembly",2016-12-21,2016,93.20652173913044
5474,A/RES/71/25,Jerusalem : resolution / adopted by the General Assembly,2016-11-30,2016,93.20987654320987
5536,A/RES/71/91,Assistance to Palestine refugees : resolution / adopted by the General Assembly,2016-12-06,2016,96.85714285714285
5537,A/RES/71/92,Persons displaced as a result of the June 1967 and subsequent hostilities : resolution / adopted by the General Assembly,2016-12-06,2016,94.88636363636364
5538,A/RES/71/93,Operations of the United Nations Relief and Works Agency for Palestine Refugees in the Near East : resolution / adopted by the General Assembly,2016-12-06,2016,95.17045454545455
5539,A/RES/71/94,Palestine refugees' properties and their revenues : resolution / adopted by the General Assembly,2016-12-06,2016,94.57142857142857
5540,A/RES/71/95,Work of the Special Committee to Investigate Israeli Practices Affecting the Human Rights of the Palestinian People and Other Arabs of the Occupied Territories : resolution / adopted by the General Assembly,2016-12-06,2016,72.54335260115607
5548,A/RES/71/307,Financing of the United Nations Interim Force in Lebanon : resolution / adopted by the General Assembly,2017-06-30,2017,97.82608695652173
5550,A/RES/72/15,Jerusalem : resolution / adopted by the General Assembly,2017-11-30,2017,93.63636363636364
5551,A/RES/72/14,Peaceful settlement of the question of Palestine : resolution / adopted by the General Assembly,2017-11-30,2017,93.56725146198829
5553,A/RES/72/13,Committee on the Exercise of the Inalienable Rights of the Palestinian People : resolution / adopted by the General Assembly,2017-11-30,2017,77.2189349112426
5554,A/RES/72/12,Special information programme on the question of Palestine of the Department of Public Information of the Secretariat : resolution / adopted by the General Assembly,2017-11-30,2017,92.94117647058823
5576,A/RES/72/240,"Permanent sovereignty of the Palestinian people in the Occupied Palestinian Territory, including East Jerusalem, and of the Arab population in the occupied Syrian Golan over their natural resources : resolution / adopted by the General Assembly",2017-12-20,2017,93.57541899441341
5555,A/RES/72/11,Division for Palestinian Rights of the Secretariat : resolution / adopted by the General Assembly,2017-11-30,2017,76.48809523809523
5623,A/RES/72/88,The occupied Syrian Golan : resolution / adopted by the General Assembly,2017-12-07,2017,93.02325581395348
5624,A/RES/72/80,Assistance to Palestine refugees : resolution / adopted by the General Assembly,2017-12-07,2017,95.97701149425288
5625,A/RES/72/81,Persons displaced as a result of the June 1967 and subsequent hostilities : resolution / adopted by the General Assembly,2017-12-07,2017,93.10344827586206
5626,A/RES/72/83,Palestine refugees' properties and their revenues : resolution / adopted by the General Assembly,2017-12-07,2017,93.39080459770115
5627,A/RES/72/82,Operations of the United Nations Relief and Works Agency for Palestine Refugees in the Near East : resolution / adopted by the General Assembly,2017-12-07,2017,94.54022988505747
5628,A/RES/72/86,"Israeli settlements in the Occupied Palestinian Territory, including East Jerusalem, and the occupied Syrian Golan : resolution / adopted by the General Assembly",2017-12-07,2017,92.48554913294798
5573,A/RES/72/160,The right of the Palestinian people to self-determination : resolution / adopted by the General Assembly,2017-12-19,2017,95.16129032258065
5631,A/RES/72/87,"Israeli practices affecting the human rights of the Palestinian people in the Occupied Palestinian Territory, including East Jerusalem : resolution / adopted by the General Assembly",2017-12-07,2017,92.3529411764706
5633,A/RES/72/85,"Applicability of the Geneva Convention relative to the Protection of Civilian Persons in Time of War, of 12 August 1949, to the Occupied Palestinian Territory, including East Jerusalem, and the other occupied Arab territories : resolution / adopted by the General Assembly",2017-12-07,2017,93.0635838150289
5634,A/RES/72/84,Work of the Special Committee to Investigate Israeli Practices Affecting the Human Rights of the Palestinian People and Other Arabs of the Occupied Territories : resolution / adopted by the General Assembly,2017-12-07,2017,71.30177514792899
5588,A/RES/ES-10/19,Status of Jerusalem : resolution / adopted by the General Assembly,2017-12-21,2017,84.41176470588235
5739,R/58/307,NA,2004-06-18,2004,79.92125984251969
5740,R/59/28,NA,2004-12-01,2004,77.74566473988439
5805,R/61/250,NA,2006-12-22,2006,80.6896551724138
5806,R/61/250B,NA,2007-04-02,2007,78.1021897810219
5807,R/61/250C,NA,2007-06-29,2007,80.2158273381295
5823,R/62/265,NA,2008-06-20,2008,80.35714285714286
5846,R/63/298,NA,2009-06-30,2009,77.34375
5920,R/66/277,NA,2012-06-21,2012,81.41891891891892
5940,R/67/279,NA,2013-06-28,2013,79.6875
5977,R/71/272,NA,2016-12-23,2016,93.7888198757764
5690,R/56/214,NA,2001-12-21,2001,76.61290322580645
5722,R/57/325,NA,2003-06-18,2003,81.71641791044776
5782,R/60/278,NA,2006-06-30,2006,80.1948051948052
5862,R/64/109,NA,2009-12-11,2009,57.52212389380531
5865,R/64/282,NA,2010-06-24,2010,78.2442748091603
6003,R/72/131,NA,2017-12-11,2017,0
5664,R/54/267,NA,2000-06-15,2000,78.24074074074075
5674,R/55/180B,NA,2001-06-14,2001,78.94736842105263
5979,R/71/307,NA,2017-06-30,2017,60.431654676258994
6029,R/52/237,NA,1998-06-26,1998,79.54545454545455
6061,R/73/19,Peaceful settlement of the question of Palestine : resolution / adopted by the General Assembly,2018-11-30,2018,92
6062,R/73/20,Special information programme on the question of Palestine of the Department of Public Information of the Secretariat : resolution / adopted by the General Assembly,2018-11-30,2018,91.32947976878613
6063,R/73/18,Committee on the Exercise of the Inalienable Rights of the Palestinian People : resolution / adopted by the General Assembly,2018-11-30,2018,75.14450867052022
6103,R/73/94,Operations of the United Nations Relief and Works Agency for Palestine Refugees in the Near East : resolution / adopted by the General Assembly,2018-12-07,2018,93.71428571428572
6105,R/73/100,The occupied Syrian Golan : resolution / adopted by the General Assembly,2018-12-07,2018,92.44186046511628
6064,R/73/21,Division for Palestinian Rights of the Secretariat : resolution / adopted by the General Assembly,2018-11-30,2018,73.83720930232558
6107,R/73/93,Persons displaced as a result of the June 1967 and subsequent hostilities : resolution / adopted by the General Assembly,2018-12-07,2018,92.77456647398844
6065,R/73/23,The Syrian Golan : resolution / adopted by the General Assembly,2018-11-30,2018,75.28735632183908
6108,R/73/92,Assistance to Palestine refugees : resolution / adopted by the General Assembly,2018-12-07,2018,95.19774011299435
6109,R/73/97,"Applicability of the Geneva Convention relative to the Protection of Civilian Persons in Time of War, of 12 August 1949, to the Occupied Palestinian Territory, including East Jerusalem, and the other occupied Arab territories : resolution / adopted by the General Assembly",2018-12-07,2018,92.65536723163842
6111,R/73/96,Work of the Special Committee to Investigate Israeli Practices Affecting the Human Rights of the Palestinian People and Other Arabs of the Occupied Territories : resolution / adopted by the General Assembly,2018-12-07,2018,69.5906432748538
6112,R/73/99,"Israeli practices affecting the human rights of the Palestinian people in the Occupied Palestinian Territory, including East Jerusalem : resolution / adopted by the General Assembly",2018-12-07,2018,91.56976744186046
6113,R/73/98,"Israeli settlements in the Occupied Palestinian Territory, including East Jerusalem, and the occupied Syrian Golan : resolution / adopted by the General Assembly",2018-12-07,2018,92.24137931034483
6066,R/73/22,Jerusalem : resolution / adopted by the General Assembly,2018-11-30,2018,89.53488372093024
6137,R/73/158,The right of the Palestinian people to self-determination : resolution / adopted by the General Assembly,2018-12-17,2018,93.88297872340425
6141,R/73/255,"Permanent sovereignty of the Palestinian people in the Occupied Palestinian Territory, including East Jerusalem, and of the Arab population in the occupied Syrian Golan over their natural resources : resolution / adopted by the General Assembly",2018-12-20,2018,92.37288135593221
9109,A/RES/74/139,The right of the Palestinian people to self-determination ,2019-12-18,2019,94.23076923076923
9125,A/RES/74/14,The Syrian Golan ,2019-12-03,2019,74.6951219512195
9099,A/RES/74/85,Operations of the United Nations Relief and Works Agency for Palestine Refugees in the Near East ,2019-12-13,2019,94.6927374301676
9134,A/RES/74/90,The occupied Syrian Golan ,2019-12-13,2019,93.25842696629213
9094,A/RES/74/86,Palestine refugees' properties and their revenues ,2019-12-13,2019,93.33333333333333
9103,A/RES/74/10,Committee on the Exercise of the Inalienable Rights of the Palestinian People ,2019-12-03,2019,73.63636363636363
9108,A/RES/74/89,"Israeli practices affecting the human rights of the Palestinian people in the Occupied Palestinian Territory, including East Jerusalem ",2019-12-13,2019,91.29213483146067
9059,A/RES/74/11,Peaceful settlement of the question of Palestine ,2019-12-03,2019,91.86746987951807
9139,A/RES/74/243,"Permanent sovereignty of the Palestinian people in the Occupied Palestinian Territory, including East Jerusalem, and of the Arab population in the occupied Syrian Golan over their natural resources ",2019-12-19,2019,92.5
9141,A/RES/74/88,"Israeli settlements in the Occupied Palestinian Territory, including East Jerusalem, and the occupied Syrian Golan ",2019-12-13,2019,91.85393258426966
9084,A/RES/74/87,Work of the Special Committee to Investigate Israeli Practices Affecting the Human Rights of the Palestinian People and Other Arabs of the Occupied Territories ,2019-12-13,2019,69.36416184971098
9083,A/RES/74/83,Assistance to Palestine refugees ,2019-12-13,2019,96.36871508379889
9096,A/RES/74/13,Special information programme on the question of Palestine of the Department of Global Communications of the Secretariat ,2019-12-03,2019,90.9090909090909
9101,A/RES/74/12,Division for Palestinian Rights of the Secretariat ,2019-12-03,2019,69.32515337423312
